t_h,KET_S,KET_R
0,0,0
0.0300752,0.0466043,0.0467473
0.0601504,0.0366191,0.0368885
0.0902256,0.0288712,0.0292072
0.120301,0.0228522,0.0232154
0.150376,0.0181725,0.0185376
0.180451,0.0145319,0.0148834
0.210526,0.0116982,0.0120275
0.240602,0.00949171,0.00979462
0.270677,0.00777302,0.00804821
0.300752,0.0064338,0.00668185
0.330827,0.0053899,0.00561246
0.360902,0.00457584,0.00477517
0.390977,0.00394071,0.00411928
0.421053,0.00344487,0.00360521
0.451128,0.00305749,0.00320201
0.481203,0.00275455,0.00288549
0.511278,0.00251736,0.00263673
0.541353,0.00233137,0.00244097
0.571429,0.00218525,0.00228663
0.601504,0.00207018,0.0021647
0.631579,0.00197929,0.0020681
0.661654,0.00190723,0.0019913
0.691729,0.00184985,0.00193001
0.721805,0.00180388,0.00188083
0.75188,0.00176682,0.00184113
0.781955,0.0017367,0.00180885
0.81203,0.00171197,0.00178236
0.842105,0.00169147,0.00176042
0.87218,0.00167424,0.00174204
0.902256,0.00165958,0.00172643
0.932331,0.00164692,0.00171301
0.962406,0.00163582,0.00170129
0.992481,0.00162594,0.00169091
1.02256,0.00161701,0.00168159
1.05263,0.00160883,0.00167309
1.08271,0.00160124,0.00166524
1.11278,0.00159411,0.00165791
1.14286,0.00158734,0.00165098
1.17293,0.00158086,0.00164437
1.20301,0.0015746,0.00163801
1.23308,0.00156853,0.00163186
1.26316,0.0015626,0.00162587
1.29323,0.0015568,0.00162001
1.32331,0.00155108,0.00161425
1.35338,0.00154545,0.00160859
1.38346,0.00153988,0.00160299
1.41353,0.00153436,0.00159746
1.44361,0.00152889,0.00159198
1.47368,0.00152347,0.00158654
1.50376,0.00151807,0.00158114
1.53383,0.00151272,0.00157577
1.56391,0.00150738,0.00157044
1.59398,0.00150208,0.00156513
1.62406,0.0014968,0.00155984
1.65414,0.00149155,0.00155458
1.68421,0.00148631,0.00154934
1.71429,0.0014811,0.00154413
1.74436,0.00147591,0.00153893
1.77444,0.00147074,0.00153375
1.80451,0.00146558,0.0015286
1.83459,0.00146045,0.00152346
1.86466,0.00145534,0.00151833
1.89474,0.00145024,0.00151323
1.92481,0.00144516,0.00150815
1.95489,0.0014401,0.00150308
1.98496,0.00143506,0.00149803
2.01504,0.00143004,0.00149299
2.04511,0.00142503,0.00148798
2.07519,0.00142004,0.00148298
2.10526,0.00141507,0.001478
2.13534,0.00141012,0.00147303
2.16541,0.00140518,0.00146808
2.19549,0.00140026,0.00146315
2.22556,0.00139536,0.00145824
2.25564,0.00139048,0.00145334
2.28571,0.00138561,0.00144846
2.31579,0.00138076,0.00144359
2.34586,0.00137593,0.00143874
2.37594,0.00137111,0.00143391
2.40602,0.00136631,0.00142909
2.43609,0.00136153,0.00142429
2.46617,0.00135677,0.00141951
2.49624,0.00135202,0.00141474
2.52632,0.00134729,0.00140999
2.55639,0.00134257,0.00140525
2.58647,0.00133787,0.00140053
2.61654,0.00133319,0.00139583
2.64662,0.00132852,0.00139114
2.67669,0.00132387,0.00138646
2.70677,0.00131924,0.00138181
2.73684,0.00131462,0.00137717
2.76692,0.00131002,0.00137254
2.79699,0.00130543,0.00136793
2.82707,0.00130087,0.00136333
2.85714,0.00129631,0.00135875
2.88722,0.00129177,0.00135419
2.91729,0.00128725,0.00134964
2.94737,0.00128275,0.00134511
2.97744,0.00127826,0.00134059
3.00752,0.00127378,0.00133609
3.03759,0.00126933,0.0013316
3.06767,0.00126488,0.00132713
3.09774,0.00126046,0.00132267
3.12782,0.00125604,0.00131822
3.15789,0.00125165,0.0013138
3.18797,0.00124727,0.00130938
3.21805,0.0012429,0.00130498
3.24812,0.00123855,0.0013006
3.2782,0.00123422,0.00129623
3.30827,0.0012299,0.00129188
3.33835,0.00122559,0.00128754
3.36842,0.0012213,0.00128321
3.3985,0.00121703,0.0012789
3.42857,0.00121277,0.00127461
3.45865,0.00120852,0.00127033
3.48872,0.00120429,0.00126606
3.5188,0.00120008,0.00126181
3.54887,0.00119588,0.00125757
3.57895,0.00119169,0.00125334
3.60902,0.00118752,0.00124913
3.6391,0.00118336,0.00124494
3.66917,0.00117922,0.00124076
3.69925,0.00117509,0.00123659
3.72932,0.00117098,0.00123243
3.7594,0.00116688,0.00122829
3.78947,0.0011628,0.00122417
3.81955,0.00115873,0.00122006
3.84962,0.00115467,0.00121596
3.8797,0.00115063,0.00121187
3.90977,0.0011466,0.0012078
3.93985,0.00114259,0.00120375
3.96992,0.00113859,0.0011997
4,0.00113461,0.00119567
4.03008,0.00113064,0.00119166
4.06015,0.00112668,0.00118765
4.09023,0.00112274,0.00118366
4.1203,0.00111881,0.00117969
4.15038,0.00111489,0.00117572
4.18045,0.00111099,0.00117177
4.21053,0.0011071,0.00116784
4.2406,0.00110322,0.00116392
4.27068,0.00109936,0.00116001
4.30075,0.00109551,0.00115611
4.33083,0.00109168,0.00115223
4.3609,0.00108786,0.00114836
4.39098,0.00108405,0.0011445
4.42105,0.00108026,0.00114065
4.45113,0.00107648,0.00113682
4.4812,0.00107271,0.001133
4.51128,0.00106895,0.0011292
4.54135,0.00106521,0.0011254
4.57143,0.00106148,0.00112162
4.6015,0.00105777,0.00111786
4.63158,0.00105407,0.0011141
4.66165,0.00105038,0.00111036
4.69173,0.0010467,0.00110663
4.7218,0.00104304,0.00110291
4.75188,0.00103939,0.00109921
4.78195,0.00103575,0.00109552
4.81203,0.00103212,0.00109184
4.84211,0.00102851,0.00108817
4.87218,0.00102491,0.00108451
4.90226,0.00102132,0.00108087
4.93233,0.00101775,0.00107724
4.96241,0.00101419,0.00107362
4.99248,0.00101064,0.00107001
5.02256,0.0010071,0.00106642
5.05263,0.00100357,0.00106284
5.08271,0.00100006,0.00105927
5.11278,0.000996562,0.00105571
5.14286,0.000993074,0.00105216
5.17293,0.000989598,0.00104863
5.20301,0.000986134,0.00104511
5.23308,0.000982683,0.0010416
5.26316,0.000979243,0.0010381
5.29323,0.000975816,0.00103461
5.32331,0.0009724,0.00103113
5.35338,0.000968997,0.00102767
5.38346,0.000965605,0.00102422
5.41353,0.000962226,0.00102078
5.44361,0.000958858,0.00101735
5.47368,0.000955502,0.00101393
5.50376,0.000952157,0.00101053
5.53383,0.000948825,0.00100713
5.56391,0.000945504,0.00100375
5.59398,0.000942194,0.00100038
5.62406,0.000938897,0.000997016
5.65414,0.00093561,0.000993667
5.68421,0.000932336,0.000990329
5.71429,0.000929072,0.000987003
5.74436,0.000925821,0.000983687
5.77444,0.00092258,0.000980383
5.80451,0.000919351,0.00097709
5.83459,0.000916133,0.000973808
5.86466,0.000912927,0.000970536
5.89474,0.000909731,0.000967276
5.92481,0.000906547,0.000964027
5.95489,0.000903374,0.000960789
5.98496,0.000900212,0.000957562
6.01504,0.000897061,0.000954345
6.04511,0.000893922,0.000951139
6.07519,0.000890793,0.000947944
6.10526,0.000887675,0.00094476
6.13534,0.000884568,0.000941587
6.16541,0.000881472,0.000938424
6.19549,0.000878387,0.000935271
6.22556,0.000875312,0.00093213
6.25564,0.000872249,0.000928999
6.28571,0.000869196,0.000925878
6.31579,0.000866153,0.000922768
6.34586,0.000863122,0.000919668
6.37594,0.000860101,0.000916579
6.40602,0.00085709,0.0009135
6.43609,0.00085409,0.000910432
6.46617,0.000851101,0.000907373
6.49624,0.000848122,0.000904325
6.52632,0.000845154,0.000901288
6.55639,0.000842196,0.00089826
6.58647,0.000839248,0.000895243
6.61654,0.00083631,0.000892236
6.64662,0.000833383,0.000889239
6.67669,0.000830466,0.000886251
6.70677,0.00082756,0.000883274
6.73684,0.000824663,0.000880307
6.76692,0.000821777,0.00087735
6.79699,0.0008189,0.000874403
6.82707,0.000816034,0.000871466
6.85714,0.000813178,0.000868539
6.88722,0.000810332,0.000865621
6.91729,0.000807495,0.000862714
6.94737,0.000804669,0.000859816
6.97744,0.000801853,0.000856927
7.00752,0.000799046,0.000854049
7.03759,0.000796249,0.00085118
7.06767,0.000793463,0.000848321
7.09774,0.000790685,0.000845471
7.12782,0.000787918,0.000842631
7.15789,0.00078516,0.000839801
7.18797,0.000782412,0.00083698
7.21805,0.000779673,0.000834168
7.24812,0.000776944,0.000831366
7.2782,0.000774225,0.000828574
7.30827,0.000771515,0.00082579
7.33835,0.000768815,0.000823017
7.36842,0.000766124,0.000820252
7.3985,0.000763442,0.000817497
7.42857,0.00076077,0.000814751
7.45865,0.000758108,0.000812014
7.48872,0.000755454,0.000809286
7.5188,0.00075281,0.000806568
7.54887,0.000750175,0.000803858
7.57895,0.000747549,0.000801158
7.60902,0.000744933,0.000798467
7.6391,0.000742326,0.000795785
7.66917,0.000739727,0.000793112
7.69925,0.000737138,0.000790448
7.72932,0.000734558,0.000787792
7.7594,0.000731987,0.000785146
7.78947,0.000729425,0.000782509
7.81955,0.000726872,0.00077988
7.84962,0.000724328,0.000777261
7.8797,0.000721793,0.00077465
7.90977,0.000719266,0.000772048
7.93985,0.000716749,0.000769454
7.96992,0.00071424,0.000766869
8,0.00071174,0.000764293
8.03008,0.000709249,0.000761726
8.06015,0.000706767,0.000759167
8.09023,0.000704293,0.000756617
8.1203,0.000701828,0.000754076
8.15038,0.000699371,0.000751543
8.18045,0.000696924,0.000749018
8.21053,0.000694484,0.000746502
8.2406,0.000692054,0.000743995
8.27068,0.000689631,0.000741496
8.30075,0.000687217,0.000739005
8.33083,0.000684812,0.000736522
8.3609,0.000682415,0.000734048
8.39098,0.000680027,0.000731583
8.42105,0.000677647,0.000729125
8.45113,0.000675275,0.000726676
8.4812,0.000672911,0.000724235
8.51128,0.000670556,0.000721802
8.54135,0.000668209,0.000719378
8.57143,0.00066587,0.000716961
8.6015,0.00066354,0.000714553
8.63158,0.000661217,0.000712153
8.66165,0.000658903,0.00070976
8.69173,0.000656597,0.000707376
8.7218,0.000654298,0.000705
8.75188,0.000652008,0.000702632
8.78195,0.000649726,0.000700272
8.81203,0.000647452,0.000697919
8.84211,0.000645186,0.000695575
8.87218,0.000642928,0.000693239
8.90226,0.000640677,0.00069091
8.93233,0.000638435,0.000688589
8.96241,0.0006362,0.000686276
8.99248,0.000633974,0.000683971
9.02256,0.000631755,0.000681673
9.05263,0.000629544,0.000679383
9.08271,0.00062734,0.000677101
9.11278,0.000625144,0.000674827
9.14286,0.000622956,0.00067256
9.17293,0.000620776,0.000670301
9.20301,0.000618603,0.000668049
9.23308,0.000616438,0.000665805
9.26316,0.00061428,0.000663569
9.29323,0.00061213,0.00066134
9.32331,0.000609988,0.000659118
9.35338,0.000607853,0.000656904
9.38346,0.000605725,0.000654698
9.41353,0.000603605,0.000652498
9.44361,0.000601492,0.000650307
9.47368,0.000599387,0.000648122
9.50376,0.000597289,0.000645945
9.53383,0.000595199,0.000643775
9.56391,0.000593115,0.000641613
9.59398,0.00059104,0.000639458
9.62406,0.000588971,0.00063731
9.65414,0.000586909,0.000635169
9.68421,0.000584855,0.000633035
9.71429,0.000582808,0.000630909
9.74436,0.000580768,0.000628789
9.77444,0.000578735,0.000626677
9.80451,0.00057671,0.000624572
9.83459,0.000574691,0.000622474
9.86466,0.00057268,0.000620383
9.89474,0.000570675,0.000618299
9.92481,0.000568678,0.000616222
9.95489,0.000566688,0.000614152
9.98496,0.000564704,0.000612089
10.015,0.000562728,0.000610033
10.0451,0.000560758,0.000607984
10.0752,0.000558795,0.000605942
10.1053,0.000556839,0.000603907
10.1353,0.00055489,0.000601878
10.1654,0.000552948,0.000599856
10.1955,0.000551013,0.000597841
10.2256,0.000549084,0.000595833
10.2556,0.000547162,0.000593832
10.2857,0.000545247,0.000591837
10.3158,0.000543339,0.000589849
10.3459,0.000541437,0.000587867
10.3759,0.000539542,0.000585893
10.406,0.000537654,0.000583925
10.4361,0.000535772,0.000581963
10.4662,0.000533897,0.000580008
10.4962,0.000532028,0.00057806
10.5263,0.000530166,0.000576118
10.5564,0.00052831,0.000574183
10.5865,0.000526461,0.000572254
10.6165,0.000524618,0.000570332
10.6466,0.000522782,0.000568416
10.6767,0.000520952,0.000566507
10.7068,0.000519129,0.000564604
10.7368,0.000517312,0.000562707
10.7669,0.000515501,0.000560817
10.797,0.000513697,0.000558933
10.8271,0.000511899,0.000557056
10.8571,0.000510107,0.000555185
10.8872,0.000508322,0.00055332
10.9173,0.000506543,0.000551461
10.9474,0.00050477,0.000549609
10.9774,0.000503003,0.000547762
11.0075,0.000501243,0.000545923
11.0376,0.000499488,0.000544089
11.0677,0.00049774,0.000542261
11.0977,0.000495998,0.00054044
11.1278,0.000494262,0.000538624
11.1579,0.000492532,0.000536815
11.188,0.000490808,0.000535012
11.218,0.00048909,0.000533215
11.2481,0.000487378,0.000531423
11.2782,0.000485672,0.000529638
11.3083,0.000483972,0.000527859
11.3383,0.000482278,0.000526086
11.3684,0.00048059,0.000524319
11.3985,0.000478908,0.000522558
11.4286,0.000477232,0.000520802
11.4586,0.000475562,0.000519053
11.4887,0.000473897,0.000517309
11.5188,0.000472238,0.000515572
11.5489,0.000470586,0.00051384
11.5789,0.000468939,0.000512114
11.609,0.000467297,0.000510394
11.6391,0.000465662,0.000508679
11.6692,0.000464032,0.00050697
11.6992,0.000462408,0.000505267
11.7293,0.000460789,0.00050357
11.7594,0.000459176,0.000501879
11.7895,0.000457569,0.000500193
11.8195,0.000455968,0.000498513
11.8496,0.000454372,0.000496838
11.8797,0.000452781,0.000495169
11.9098,0.000451197,0.000493506
11.9398,0.000449617,0.000491848
11.9699,0.000448044,0.000490196
12,0.000446475,0.000488549
