panel,species,study,sampling_site,role,t_h,observed_mgL,predicted_mgL
hasan_S_ket,KET_S,Hasan 2021,venous,external,0,0.0063924,0
hasan_S_ket,KET_S,Hasan 2021,venous,external,0.5,0.0111392,0.0105498
hasan_S_ket,KET_S,Hasan 2021,venous,external,1,0.006519,0.00337584
hasan_S_ket,KET_S,Hasan 2021,venous,external,2,0.0032911,0.0016666
hasan_S_ket,KET_S,Hasan 2021,venous,external,4,0.0016456,0.00115613
hasan_S_ket,KET_S,Hasan 2021,venous,external,6,0.0008861,0.000823077
hasan_S_ket,KET_S,Hasan 2021,venous,external,8,0.0005063,0.000585988
hasan_S_ket,KET_S,Hasan 2021,venous,external,12,0.0003797,0.00029702
hasan_S_ket,KET_S,Hasan 2021,venous,external,16,0.0003165,0.00029702
hasan_S_ket,KET_S,Hasan 2021,venous,external,24,0.0002532,0.00029702
hasan_R_ket,KET_R,Hasan 2021,venous,external,0,0.006962,0
hasan_R_ket,KET_R,Hasan 2021,venous,external,0.5,0.0125633,0.0110758
hasan_R_ket,KET_R,Hasan 2021,venous,external,1,0.006519,0.0036472
hasan_R_ket,KET_R,Hasan 2021,venous,external,2,0.0035443,0.0017917
hasan_R_ket,KET_R,Hasan 2021,venous,external,4,0.0018354,0.00125074
hasan_R_ket,KET_R,Hasan 2021,venous,external,6,0.0009494,0.000899059
hasan_R_ket,KET_R,Hasan 2021,venous,external,8,0.0005696,0.00064629
hasan_R_ket,KET_R,Hasan 2021,venous,external,12,0.0004114,0.000333968
hasan_R_ket,KET_R,Hasan 2021,venous,external,16,0.0003165,0.000333968
hasan_R_ket,KET_R,Hasan 2021,venous,external,24,0.0002532,0.000333968
kamp_S_ket_esk,KET_S,Kamp 2020,arterial,calibration,0,0.00675153,0
kamp_S_ket_esk,KET_S,Kamp 2020,arterial,calibration,0.083,0.0169026,0.0142405
kamp_S_ket_esk,KET_S,Kamp 2020,arterial,calibration,0.25,0.0304057,0.0333543
kamp_S_ket_esk,KET_S,Kamp 2020,arterial,calibration,0.5,0.0448834,0.048367
kamp_S_ket_esk,KET_S,Kamp 2020,arterial,calibration,0.75,0.0528474,0.0557195
kamp_S_ket_esk,KET_S,Kamp 2020,arterial,calibration,1,0.0762638,0.0601614
kamp_S_ket_esk,KET_S,Kamp 2020,arterial,calibration,1.5,0.103531,0.113135
kamp_S_ket_esk,KET_S,Kamp 2020,arterial,calibration,1.667,0.114396,0.119806
kamp_S_ket_esk,KET_S,Kamp 2020,arterial,calibration,2,0.127423,0.1293
kamp_S_ket_esk,KET_S,Kamp 2020,arterial,calibration,2.083,0.193797,0.159243
kamp_S_ket_esk,KET_S,Kamp 2020,arterial,calibration,2.5,0.217214,0.236348
kamp_S_ket_esk,KET_S,Kamp 2020,arterial,calibration,3,0.245694,0.263518
kamp_S_ket_esk,KET_S,Kamp 2020,arterial,calibration,3.083,0.18077,0.211606
kamp_S_ket_esk,KET_S,Kamp 2020,arterial,calibration,3.167,0.125735,0.170042
kamp_S_ket_esk,KET_S,Kamp 2020,arterial,calibration,3.5,0.0975168,0.0854268
kamp_S_ket_esk,KET_S,Kamp 2020,arterial,calibration,4,0.0777139,0.0511181
kamp_S_ket_esk,KET_S,Kamp 2020,arterial,calibration,5,0.0571978,0.0380133
kamp_S_ket_rac,KET_S,Kamp 2020,arterial,calibration,0.083,0.0173781,0.0142405
kamp_S_ket_rac,KET_S,Kamp 2020,arterial,calibration,0.25,0.0270299,0.0333543
kamp_S_ket_rac,KET_S,Kamp 2020,arterial,calibration,0.5,0.0458581,0.048367
kamp_S_ket_rac,KET_S,Kamp 2020,arterial,calibration,0.75,0.0511595,0.0557195
kamp_S_ket_rac,KET_S,Kamp 2020,arterial,calibration,1,0.0642109,0.0601721
kamp_S_ket_rac,KET_S,Kamp 2020,arterial,calibration,1.5,0.102081,0.114863
kamp_S_ket_rac,KET_S,Kamp 2020,arterial,calibration,1.667,0.116821,0.121727
kamp_S_ket_rac,KET_S,Kamp 2020,arterial,calibration,2,0.124547,0.131418
kamp_S_ket_rac,KET_S,Kamp 2020,arterial,calibration,2.083,0.182458,0.160908
kamp_S_ket_rac,KET_S,Kamp 2020,arterial,calibration,2.5,0.223965,0.236934
kamp_S_ket_rac,KET_S,Kamp 2020,arterial,calibration,3,0.248594,0.26382
kamp_S_ket_rac,KET_S,Kamp 2020,arterial,calibration,3.083,0.224702,0.211891
kamp_S_ket_rac,KET_S,Kamp 2020,arterial,calibration,3.167,0.146489,0.170312
kamp_S_ket_rac,KET_S,Kamp 2020,arterial,calibration,3.5,0.0975168,0.0856634
kamp_S_ket_rac,KET_S,Kamp 2020,arterial,calibration,4,0.0791641,0.0513285
kamp_S_ket_rac,KET_S,Kamp 2020,arterial,calibration,5,0.058648,0.0381895
kamp_R_ket_rac,KET_R,Kamp 2020,arterial,calibration,0,0.0188282,0
kamp_R_ket_rac,KET_R,Kamp 2020,arterial,calibration,0.083,0.0188282,0.0142992
kamp_R_ket_rac,KET_R,Kamp 2020,arterial,calibration,0.25,0.0345184,0.033728
kamp_R_ket_rac,KET_R,Kamp 2020,arterial,calibration,0.5,0.0502086,0.0492949
kamp_R_ket_rac,KET_R,Kamp 2020,arterial,calibration,0.75,0.0576733,0.0570888
kamp_R_ket_rac,KET_R,Kamp 2020,arterial,calibration,1,0.0941173,0.0618554
kamp_R_ket_rac,KET_R,Kamp 2020,arterial,calibration,1.5,0.114633,0.117906
kamp_R_ket_rac,KET_R,Kamp 2020,arterial,calibration,1.667,0.128636,0.125191
kamp_R_ket_rac,KET_R,Kamp 2020,arterial,calibration,2,0.141925,0.135516
kamp_R_ket_rac,KET_R,Kamp 2020,arterial,calibration,2.083,0.207562,0.165251
kamp_R_ket_rac,KET_R,Kamp 2020,arterial,calibration,2.5,0.242556,0.243565
kamp_R_ket_rac,KET_R,Kamp 2020,arterial,calibration,3,0.273199,0.272483
kamp_R_ket_rac,KET_R,Kamp 2020,arterial,calibration,3.083,0.190422,0.22056
kamp_R_ket_rac,KET_R,Kamp 2020,arterial,calibration,3.167,0.135886,0.178644
kamp_R_ket_rac,KET_R,Kamp 2020,arterial,calibration,3.5,0.10957,0.0918022
kamp_R_ket_rac,KET_R,Kamp 2020,arterial,calibration,4,0.0864149,0.0553566
kamp_R_ket_rac,KET_R,Kamp 2020,arterial,calibration,5,0.0642109,0.0411428
kamp_S_nk_esk,NK_S,Kamp 2020,arterial,calibration,0,0,0
kamp_S_nk_esk,NK_S,Kamp 2020,arterial,calibration,0.083,0,0.00057831
kamp_S_nk_esk,NK_S,Kamp 2020,arterial,calibration,0.25,0.00398186,0.00401201
kamp_S_nk_esk,NK_S,Kamp 2020,arterial,calibration,0.5,0.0103349,0.0111924
kamp_S_nk_esk,NK_S,Kamp 2020,arterial,calibration,0.75,0.017292,0.0182729
kamp_S_nk_esk,NK_S,Kamp 2020,arterial,calibration,1,0.0254347,0.024449
kamp_S_nk_esk,NK_S,Kamp 2020,arterial,calibration,1.5,0.0417201,0.0454947
kamp_S_nk_esk,NK_S,Kamp 2020,arterial,calibration,1.667,0.0544486,0.0530921
kamp_S_nk_esk,NK_S,Kamp 2020,arterial,calibration,2,0.0679601,0.066638
kamp_S_nk_esk,NK_S,Kamp 2020,arterial,calibration,2.083,0.0763041,0.0708797
kamp_S_nk_esk,NK_S,Kamp 2020,arterial,calibration,2.5,0.111291,0.106725
kamp_S_nk_esk,NK_S,Kamp 2020,arterial,calibration,3,0.143079,0.148803
kamp_S_nk_esk,NK_S,Kamp 2020,arterial,calibration,3.083,0.16395,0.152588
kamp_S_nk_esk,NK_S,Kamp 2020,arterial,calibration,3.167,0.155606,0.152637
kamp_S_nk_esk,NK_S,Kamp 2020,arterial,calibration,3.5,0.146255,0.137343
kamp_S_nk_esk,NK_S,Kamp 2020,arterial,calibration,4,0.133549,0.113061
kamp_S_nk_esk,NK_S,Kamp 2020,arterial,calibration,5,0.120418,0.0958923
kamp_S_nk_rac,NK_S,Kamp 2020,arterial,calibration,0,0,0
kamp_S_nk_rac,NK_S,Kamp 2020,arterial,calibration,0.083,0,0.00057831
kamp_S_nk_rac,NK_S,Kamp 2020,arterial,calibration,0.25,0.00297521,0.00401201
kamp_S_nk_rac,NK_S,Kamp 2020,arterial,calibration,0.5,0.00952962,0.0111924
kamp_S_nk_rac,NK_S,Kamp 2020,arterial,calibration,0.75,0.0157037,0.0182729
kamp_S_nk_rac,NK_S,Kamp 2020,arterial,calibration,1,0.0246517,0.024449
kamp_S_nk_rac,NK_S,Kamp 2020,arterial,calibration,1.5,0.0399528,0.0458945
kamp_S_nk_rac,NK_S,Kamp 2020,arterial,calibration,1.667,0.0540459,0.0536639
kamp_S_nk_rac,NK_S,Kamp 2020,arterial,calibration,2,0.0643809,0.0675111
kamp_S_nk_rac,NK_S,Kamp 2020,arterial,calibration,2.083,0.0731275,0.0717981
kamp_S_nk_rac,NK_S,Kamp 2020,arterial,calibration,2.5,0.106504,0.10755
kamp_S_nk_rac,NK_S,Kamp 2020,arterial,calibration,3,0.140305,0.149436
kamp_S_nk_rac,NK_S,Kamp 2020,arterial,calibration,3.083,0.161757,0.153199
kamp_S_nk_rac,NK_S,Kamp 2020,arterial,calibration,3.167,0.154599,0.153228
kamp_S_nk_rac,NK_S,Kamp 2020,arterial,calibration,3.5,0.143861,0.137877
kamp_S_nk_rac,NK_S,Kamp 2020,arterial,calibration,4,0.131558,0.113554
kamp_S_nk_rac,NK_S,Kamp 2020,arterial,calibration,5,0.118427,0.0963657
kamp_R_nk_rac,NK_R,Kamp 2020,arterial,calibration,0,0,0
kamp_R_nk_rac,NK_R,Kamp 2020,arterial,calibration,0.083,0,0.000547756
kamp_R_nk_rac,NK_R,Kamp 2020,arterial,calibration,0.25,0.0053688,0.0038189
kamp_R_nk_rac,NK_R,Kamp 2020,arterial,calibration,0.5,0.0115205,0.0107187
kamp_R_nk_rac,NK_R,Kamp 2020,arterial,calibration,0.75,0.0204685,0.0175823
kamp_R_nk_rac,NK_R,Kamp 2020,arterial,calibration,1,0.0310048,0.0236094
kamp_R_nk_rac,NK_R,Kamp 2020,arterial,calibration,1.5,0.0500864,0.0443841
kamp_R_nk_rac,NK_R,Kamp 2020,arterial,calibration,1.667,0.0627926,0.0519518
kamp_R_nk_rac,NK_R,Kamp 2020,arterial,calibration,2,0.0814715,0.0655044
kamp_R_nk_rac,NK_R,Kamp 2020,arterial,calibration,2.083,0.0920078,0.0696727
kamp_R_nk_rac,NK_R,Kamp 2020,arterial,calibration,2.5,0.123594,0.104295
kamp_R_nk_rac,NK_R,Kamp 2020,arterial,calibration,3,0.169699,0.145226
kamp_R_nk_rac,NK_R,Kamp 2020,arterial,calibration,3.083,0.183814,0.149003
kamp_R_nk_rac,NK_R,Kamp 2020,arterial,calibration,3.167,0.17169,0.149223
kamp_R_nk_rac,NK_R,Kamp 2020,arterial,calibration,3.5,0.165739,0.135044
kamp_R_nk_rac,NK_R,Kamp 2020,arterial,calibration,4,0.15064,0.111803
kamp_R_nk_rac,NK_R,Kamp 2020,arterial,calibration,5,0.135137,0.0951439
kamp_hnk_rac,HNK,Kamp 2020,arterial,descriptive,0,0,0
kamp_hnk_rac,HNK,Kamp 2020,arterial,descriptive,0.083,0,1.20227e-06
kamp_hnk_rac,HNK,Kamp 2020,arterial,descriptive,0.25,0.00052734,2.6559e-05
kamp_hnk_rac,HNK,Kamp 2020,arterial,descriptive,0.5,0.00160599,0.000161673
kamp_hnk_rac,HNK,Kamp 2020,arterial,descriptive,0.75,0.00325992,0.000427469
kamp_hnk_rac,HNK,Kamp 2020,arterial,descriptive,1,0.00532134,0.000812073
kamp_hnk_rac,HNK,Kamp 2020,arterial,descriptive,1.5,0.00942021,0.0020371
kamp_hnk_rac,HNK,Kamp 2020,arterial,descriptive,1.667,0.0124644,0.00263026
kamp_hnk_rac,HNK,Kamp 2020,arterial,descriptive,2,0.0167311,0.00406904
kamp_hnk_rac,HNK,Kamp 2020,arterial,descriptive,2.083,0.0210696,0.00447792
kamp_hnk_rac,HNK,Kamp 2020,arterial,descriptive,2.5,0.031928,0.00709799
kamp_hnk_rac,HNK,Kamp 2020,arterial,descriptive,3,0.0422831,0.0116549
kamp_hnk_rac,HNK,Kamp 2020,arterial,descriptive,3.083,0.0498816,0.01254
kamp_hnk_rac,HNK,Kamp 2020,arterial,descriptive,3.167,0.0483715,0.0134448
kamp_hnk_rac,HNK,Kamp 2020,arterial,descriptive,3.5,0.0520149,0.0168475
kamp_hnk_rac,HNK,Kamp 2020,arterial,descriptive,4,0.0518711,0.0210969
kamp_hnk_rac,HNK,Kamp 2020,arterial,descriptive,5,0.0517033,0.0277534
