t_h,KET_S
0,0
0.0200501,0.00402875
0.0401003,0.00745507
0.0601504,0.0103733
0.0802005,0.0128624
0.100251,0.0149891
0.120301,0.0168094
0.140351,0.0183706
0.160401,0.0197127
0.180451,0.0208695
0.200501,0.0218694
0.220551,0.0227367
0.240602,0.0234916
0.260652,0.0241513
0.280702,0.0247306
0.300752,0.0252416
0.320802,0.0256949
0.340852,0.0260993
0.360902,0.0264622
0.380952,0.02679
0.401003,0.027088
0.421053,0.0273608
0.441103,0.0276121
0.461153,0.0278453
0.481203,0.028063
0.501253,0.0282676
0.521303,0.0284611
0.541353,0.028645
0.561404,0.028821
0.581454,0.02899
0.601504,0.0291532
0.621554,0.0293113
0.641604,0.0294652
0.661654,0.0296154
0.681704,0.0297624
0.701754,0.0299067
0.721805,0.0300487
0.741855,0.0301886
0.761905,0.0303268
0.781955,0.0304634
0.802005,0.0305987
0.822055,0.0307328
0.842105,0.0308658
0.862155,0.0309979
0.882206,0.0311292
0.902256,0.0312597
0.922306,0.0313895
0.942356,0.0315187
0.962406,0.0316473
0.982456,0.0317754
1.00251,0.0324432
1.02256,0.036518
1.04261,0.0400027
1.06266,0.0429895
1.08271,0.0455558
1.10276,0.0477668
1.12281,0.0496774
1.14286,0.051334
1.16291,0.0527756
1.18296,0.0540355
1.20301,0.0551414
1.22306,0.056117
1.24311,0.0569822
1.26316,0.057754
1.28321,0.0584467
1.30326,0.0590722
1.32331,0.0596409
1.34336,0.0601613
1.36341,0.0606409
1.38346,0.0610857
1.40351,0.0615011
1.42356,0.0618915
1.44361,0.0622605
1.46366,0.0626115
1.48371,0.0629471
1.50376,0.0632696
1.52381,0.0635808
1.54386,0.0638825
1.56391,0.064176
1.58396,0.0644625
1.60401,0.0647429
1.62406,0.0650182
1.64411,0.0652889
1.66416,0.0655558
1.68421,0.0658193
1.70426,0.0660799
1.72431,0.0663379
1.74436,0.0665936
1.76441,0.0668473
1.78446,0.0670993
1.80451,0.0673496
1.82456,0.0675985
1.84461,0.0678461
1.86466,0.0680924
1.88471,0.0683377
1.90476,0.068582
1.92481,0.0688254
1.94486,0.0690678
1.96491,0.0693094
1.98496,0.0695503
2.00501,0.0720058
2.02506,0.0802581
2.04511,0.087314
2.06516,0.0933604
2.08521,0.0985541
2.10526,0.103027
2.12531,0.106891
2.14536,0.11024
2.16541,0.113153
2.18546,0.115697
2.20551,0.117929
2.22556,0.119897
2.24561,0.12164
2.26566,0.123195
2.28571,0.124589
2.30576,0.125846
2.32581,0.126989
2.34586,0.128033
2.36591,0.128995
2.38596,0.129886
2.40602,0.130718
2.42607,0.131498
2.44612,0.132236
2.46617,0.132937
2.48622,0.133607
2.50627,0.13425
2.52632,0.13487
2.54637,0.135472
2.56642,0.136056
2.58647,0.136626
2.60652,0.137184
2.62657,0.137732
2.64662,0.138271
2.66667,0.138801
2.68672,0.139325
2.70677,0.139843
2.72682,0.140356
2.74687,0.140864
2.76692,0.141368
2.78697,0.141868
2.80702,0.142366
2.82707,0.14286
2.84712,0.143352
2.86717,0.143841
2.88722,0.144328
2.90727,0.144813
2.92732,0.145296
2.94737,0.145778
2.96742,0.146258
2.98747,0.146736
3.00752,0.140746
3.02757,0.125788
3.04762,0.113129
3.06767,0.102411
3.08772,0.0933302
3.10777,0.0856341
3.12782,0.0791081
3.14787,0.0735713
3.16792,0.0688711
3.18797,0.0648785
3.20802,0.0614845
3.22807,0.058597
3.24812,0.0561381
3.26817,0.0540418
3.28822,0.0522525
3.30827,0.0507229
3.32832,0.0494132
3.34837,0.0482896
3.36842,0.0473235
3.38847,0.0464908
3.40852,0.045771
3.42857,0.0451467
3.44862,0.0446035
3.46867,0.0441287
3.48872,0.0437121
3.50877,0.0433445
3.52882,0.0430186
3.54887,0.042728
3.56892,0.0424673
3.58897,0.0422319
3.60902,0.042018
3.62907,0.0418223
3.64912,0.0416421
3.66917,0.041475
3.68922,0.041319
3.70927,0.0411724
3.72932,0.0410339
3.74937,0.0409022
3.76942,0.0407764
3.78947,0.0406555
3.80952,0.0405388
3.82957,0.0404257
3.84962,0.0403158
3.86967,0.0402085
3.88972,0.0401034
3.90977,0.0400003
3.92982,0.0398989
3.94987,0.039799
3.96992,0.0397004
3.98997,0.0396028
4.01003,0.0395063
4.03008,0.0394106
4.05013,0.0393156
4.07018,0.0392213
4.09023,0.0391277
4.11028,0.0390345
4.13033,0.0389419
4.15038,0.0388497
4.17043,0.0387579
4.19048,0.0386665
4.21053,0.0385754
4.23058,0.0384847
4.25063,0.0383943
4.27068,0.0383042
4.29073,0.0382144
4.31078,0.0381248
4.33083,0.0380355
4.35088,0.0379465
4.37093,0.0378577
4.39098,0.0377691
4.41103,0.0376808
4.43108,0.0375927
4.45113,0.0375048
4.47118,0.0374172
4.49123,0.0373297
4.51128,0.0372425
4.53133,0.0371555
4.55138,0.0370687
4.57143,0.0369821
4.59148,0.0368957
4.61153,0.0368096
4.63158,0.0367236
4.65163,0.0366378
4.67168,0.0365523
4.69173,0.0364669
4.71178,0.0363818
4.73183,0.0362968
4.75188,0.0362121
4.77193,0.0361275
4.79198,0.0360432
4.81203,0.035959
4.83208,0.035875
4.85213,0.0357913
4.87218,0.0357077
4.89223,0.0356243
4.91228,0.0355412
4.93233,0.0354582
4.95238,0.0353754
4.97243,0.0352928
4.99248,0.0352104
5.01253,0.0351282
5.03258,0.0350462
5.05263,0.0349644
5.07268,0.0348827
5.09273,0.0348013
5.11278,0.03472
5.13283,0.034639
5.15288,0.0345581
5.17293,0.0344774
5.19298,0.0343969
5.21303,0.0343166
5.23308,0.0342365
5.25313,0.0341565
5.27318,0.0340768
5.29323,0.0339972
5.31328,0.0339179
5.33333,0.0338387
5.35338,0.0337597
5.37343,0.0336808
5.39348,0.0336022
5.41353,0.0335238
5.43358,0.0334455
5.45363,0.0333674
5.47368,0.0332895
5.49373,0.0332118
5.51378,0.0331342
5.53383,0.0330569
5.55388,0.0329797
5.57393,0.0329027
5.59398,0.0328259
5.61404,0.0327492
5.63409,0.0326728
5.65414,0.0325965
5.67419,0.0325204
5.69424,0.0324444
5.71429,0.0323687
5.73434,0.0322931
5.75439,0.0322177
5.77444,0.0321425
5.79449,0.0320675
5.81454,0.0319926
5.83459,0.0319179
5.85464,0.0318434
5.87469,0.031769
5.89474,0.0316949
5.91479,0.0316209
5.93484,0.031547
5.95489,0.0314734
5.97494,0.0313999
5.99499,0.0313266
6.01504,0.0312534
6.03509,0.0311805
6.05514,0.0311077
6.07519,0.031035
6.09524,0.0309626
6.11529,0.0308903
6.13534,0.0308182
6.15539,0.0307462
6.17544,0.0306744
6.19549,0.0306028
6.21554,0.0305314
6.23559,0.0304601
6.25564,0.030389
6.27569,0.030318
6.29574,0.0302472
6.31579,0.0301766
6.33584,0.0301062
6.35589,0.0300359
6.37594,0.0299657
6.39599,0.0298958
6.41604,0.029826
6.43609,0.0297563
6.45614,0.0296869
6.47619,0.0296176
6.49624,0.0295484
6.51629,0.0294794
6.53634,0.0294106
6.55639,0.0293419
6.57644,0.0292734
6.59649,0.0292051
6.61654,0.0291369
6.63659,0.0290689
6.65664,0.029001
6.67669,0.0289333
6.69674,0.0288657
6.71679,0.0287983
6.73684,0.0287311
6.75689,0.028664
6.77694,0.0285971
6.79699,0.0285303
6.81704,0.0284637
6.83709,0.0283973
6.85714,0.028331
6.87719,0.0282648
6.89724,0.0281988
6.91729,0.028133
6.93734,0.0280673
6.95739,0.0280018
6.97744,0.0279364
6.99749,0.0278712
7.01754,0.0278061
7.03759,0.0277412
7.05764,0.0276764
7.07769,0.0276118
7.09774,0.0275473
7.11779,0.027483
7.13784,0.0274188
7.15789,0.0273548
7.17794,0.027291
7.19799,0.0272272
7.21805,0.0271637
7.2381,0.0271002
7.25815,0.027037
7.2782,0.0269738
7.29825,0.0269109
7.3183,0.026848
7.33835,0.0267854
7.3584,0.0267228
7.37845,0.0266604
7.3985,0.0265982
7.41855,0.0265361
7.4386,0.0264741
7.45865,0.0264123
7.4787,0.0263506
7.49875,0.0262891
7.5188,0.0262277
7.53885,0.0261665
7.5589,0.0261054
7.57895,0.0260445
7.599,0.0259837
7.61905,0.025923
7.6391,0.0258625
7.65915,0.0258021
7.6792,0.0257418
7.69925,0.0256817
7.7193,0.0256218
7.73935,0.025562
7.7594,0.0255023
7.77945,0.0254427
7.7995,0.0253833
7.81955,0.0253241
7.8396,0.025265
7.85965,0.025206
7.8797,0.0251471
7.89975,0.0250884
7.9198,0.0250298
7.93985,0.0249714
7.9599,0.0249131
7.97995,0.0248549
8,0.0247969
