t_h,KET_S,KET_R,NK_S,NK_R,HNK
0,0,0,0,0,0
0.048048,0.0232176,0.023292,0.000399994,0.000349997,3.25335e-07
0.0960961,0.039041,0.0392743,0.00129813,0.00113779,2.22745e-06
0.144144,0.0499291,0.0503459,0.00239156,0.00209934,6.47738e-06
0.192192,0.0575155,0.0581104,0.00351327,0.00308816,1.33156e-05
0.24024,0.0628898,0.0636447,0.00457762,0.00402854,2.26966e-05
0.288288,0.0667805,0.0676734,0.00554675,0.00488654,3.44357e-05
0.336336,0.0696753,0.0706848,0.00640975,0.005652,4.82929e-05
0.384384,0.0719009,0.0730083,0.00717013,0.00632751,6.40211e-05
0.432432,0.0736763,0.074866,0.0078383,0.0069219,8.13895e-05
0.48048,0.0751483,0.0764077,0.00842726,0.0074464,0.000100195
0.528529,0.0764153,0.0777347,0.00895024,0.00791252,0.000120266
0.576577,0.0775432,0.0789152,0.00941946,0.00833096,0.000141459
0.624625,0.0785763,0.0799953,0.0098456,0.00871113,0.000163659
0.672673,0.0761255,0.0775858,0.0102302,0.00905439,0.000186772
0.720721,0.0549277,0.056338,0.0101104,0.00895578,0.000210275
0.768769,0.0407264,0.0420095,0.00951977,0.0084427,0.000232849
0.816817,0.0311951,0.0323301,0.00874514,0.0077654,0.000253763
0.864865,0.0247873,0.0257807,0.0079447,0.00706284,0.000272789
0.912913,0.0204709,0.0213408,0.00719958,0.00640685,0.00028997
0.960961,0.0175559,0.0183237,0.00654568,0.00582969,0.000305483
1.00901,0.0155802,0.0162667,0.00599336,0.00534106,0.000319556
1.05706,0.0142342,0.0148575,0.0055393,0.00493853,0.000332424
1.10511,0.0133106,0.0138856,0.00517364,0.00461377,0.000344307
1.15315,0.0126703,0.013209,0.00488407,0.00435615,0.000355399
1.2012,0.01222,0.0127318,0.00465806,0.00415479,0.000365863
1.24925,0.0118973,0.0123892,0.00448404,0.00399955,0.000375836
1.2973,0.0116602,0.0121377,0.00435187,0.00388151,0.00038543
1.34535,0.0114807,0.0119476,0.00425297,0.00379311,0.000394731
1.39339,0.0113399,0.0117992,0.00418026,0.00372809,0.000403812
1.44144,0.0112251,0.0116791,0.004128,0.00368135,0.000412727
1.48949,0.0111279,0.011578,0.00409162,0.00364882,0.000421519
1.53754,0.0110426,0.01149,0.00406747,0.00362727,0.000430221
1.58559,0.0109654,0.0114109,0.00405272,0.00361415,0.00043886
1.63363,0.0108938,0.011338,0.00404515,0.00360747,0.000447455
1.68168,0.010826,0.0112692,0.00404304,0.00360571,0.00045602
1.72973,0.0107608,0.0112034,0.00404506,0.00360768,0.000464567
1.77778,0.0106976,0.0111397,0.0040502,0.00361245,0.000473106
1.82583,0.0106357,0.0110775,0.00405769,0.00361934,0.000481642
1.87387,0.0105749,0.0110165,0.00406693,0.00362781,0.000490179
1.92192,0.0105149,0.0109563,0.00407746,0.00363745,0.000498723
1.96997,0.0104555,0.0108968,0.00408895,0.00364795,0.000507275
2.01802,0.0103967,0.0108379,0.00410114,0.00365909,0.000515838
2.06607,0.0103383,0.0107795,0.00411383,0.00367068,0.000524412
2.11411,0.0102804,0.0107214,0.00412687,0.00368259,0.000532999
2.16216,0.0102228,0.0106638,0.00414016,0.00369472,0.000541599
2.21021,0.0101656,0.0106065,0.0041536,0.00370699,0.000550213
2.25826,0.0101088,0.0105496,0.00416713,0.00371934,0.000558842
2.30631,0.0100523,0.010493,0.00418072,0.00373174,0.000567484
2.35435,0.00999611,0.0104367,0.00419431,0.00374416,0.000576141
2.4024,0.00994025,0.0103807,0.00420789,0.00375656,0.000584813
2.45045,0.00988472,0.0103251,0.00422144,0.00376892,0.000593498
2.4985,0.00982949,0.0102697,0.00423493,0.00378125,0.000602198
2.54655,0.00977458,0.0102146,0.00424837,0.00379352,0.000610911
2.59459,0.00971998,0.0101599,0.00426173,0.00380573,0.000619638
2.64264,0.00966568,0.0101054,0.00427503,0.00381787,0.000628379
2.69069,0.00961169,0.0100512,0.00428824,0.00382994,0.000637133
2.73874,0.009558,0.00999733,0.00430137,0.00384194,0.0006459
2.78679,0.00950461,0.00994373,0.00431442,0.00385386,0.00065468
2.83483,0.00945152,0.00989042,0.00432739,0.00386571,0.000663473
2.88288,0.00939872,0.0098374,0.00434027,0.00387748,0.000672278
2.93093,0.00934622,0.00978466,0.00435306,0.00388917,0.000681095
2.97898,0.00929401,0.0097322,0.00436576,0.00390079,0.000689924
3.02703,0.0092421,0.00968002,0.00437838,0.00391232,0.000698765
3.07508,0.00919047,0.00962813,0.00439091,0.00392378,0.000707617
3.12312,0.00913913,0.00957651,0.00440335,0.00393516,0.000716481
3.17117,0.00908808,0.00952517,0.00441571,0.00394646,0.000725356
3.21922,0.00903732,0.0094741,0.00442797,0.00395768,0.000734241
3.26727,0.00898684,0.00942331,0.00444016,0.00396883,0.000743137
3.31532,0.00893664,0.00937279,0.00445225,0.00397989,0.000752043
3.36336,0.00888672,0.00932255,0.00446427,0.00399088,0.00076096
3.41141,0.00883708,0.00927257,0.00447619,0.0040018,0.000769886
3.45946,0.00878772,0.00922286,0.00448803,0.00401264,0.000778822
3.50751,0.00873863,0.00917341,0.00449979,0.0040234,0.000787768
3.55556,0.00868982,0.00912423,0.00451147,0.00403408,0.000796723
3.6036,0.00864128,0.00907532,0.00452306,0.0040447,0.000805686
3.65165,0.00859301,0.00902666,0.00453457,0.00405523,0.000814659
3.6997,0.00854501,0.00897827,0.00454599,0.0040657,0.00082364
3.74775,0.00849728,0.00893014,0.00455734,0.00407609,0.000832629
3.7958,0.00844981,0.00888226,0.0045686,0.0040864,0.000841627
3.84384,0.00840261,0.00883464,0.00457978,0.00409665,0.000850633
3.89189,0.00835567,0.00878728,0.00459088,0.00410682,0.000859646
3.93994,0.008309,0.00874017,0.0046019,0.00411691,0.000868667
3.98799,0.00826259,0.00869331,0.00461285,0.00412694,0.000877695
4.03604,0.00821643,0.00864671,0.00462371,0.0041369,0.00088673
4.08408,0.00817054,0.00860035,0.00463449,0.00414678,0.000895772
4.13213,0.0081249,0.00855424,0.0046452,0.00415659,0.000904821
4.18018,0.00807951,0.00850838,0.00465583,0.00416634,0.000913877
4.22823,0.00803438,0.00846277,0.00466638,0.00417601,0.000922938
4.27628,0.0079895,0.0084174,0.00467685,0.00418562,0.000932006
4.32432,0.00794487,0.00837227,0.00468725,0.00419515,0.00094108
4.37237,0.0079005,0.00832739,0.00469757,0.00420462,0.000950159
4.42042,0.00785636,0.00828275,0.00470782,0.00421401,0.000959244
4.46847,0.00781248,0.00823834,0.00471799,0.00422334,0.000968335
4.51652,0.00776884,0.00819417,0.00472809,0.00423261,0.00097743
4.56456,0.00772544,0.00815024,0.00473811,0.0042418,0.000986531
4.61261,0.00768229,0.00810655,0.00474806,0.00425093,0.000995636
4.66066,0.00763938,0.00806309,0.00475794,0.00425999,0.00100475
4.70871,0.00759671,0.00801986,0.00476774,0.00426899,0.00101386
4.75676,0.00755427,0.00797687,0.00477747,0.00427792,0.00102298
4.8048,0.00751207,0.0079341,0.00478712,0.00428678,0.0010321
4.85285,0.00747011,0.00789157,0.00479671,0.00429558,0.00104123
4.9009,0.00742838,0.00784926,0.00480623,0.00430432,0.00105036
4.94895,0.00738689,0.00780718,0.00481567,0.00431299,0.00105949
4.997,0.00734563,0.00776532,0.00482504,0.0043216,0.00106863
5.04505,0.0073046,0.00772369,0.00483434,0.00433014,0.00107777
5.09309,0.00726379,0.00768229,0.00484358,0.00433862,0.00108691
5.14114,0.00722322,0.0076411,0.00485274,0.00434704,0.00109606
5.18919,0.00718287,0.00760014,0.00486184,0.00435539,0.0011052
5.23724,0.00714275,0.00755939,0.00487086,0.00436369,0.00111436
5.28529,0.00710285,0.00751886,0.00487982,0.00437192,0.00112351
5.33333,0.00706317,0.00747856,0.00488871,0.00438009,0.00113266
5.38138,0.00702372,0.00743846,0.00489753,0.00438819,0.00114182
5.42943,0.00698449,0.00739858,0.00490629,0.00439624,0.00115098
5.47748,0.00694547,0.00735892,0.00491498,0.00440423,0.00116014
5.52553,0.00690668,0.00731947,0.0049236,0.00441215,0.0011693
5.57357,0.0068681,0.00728023,0.00493216,0.00442002,0.00117847
5.62162,0.00682973,0.0072412,0.00494065,0.00442783,0.00118763
5.66967,0.00679158,0.00720238,0.00494908,0.00443558,0.0011968
5.71772,0.00675364,0.00716376,0.00495744,0.00444327,0.00120596
5.76577,0.00671592,0.00712536,0.00496574,0.0044509,0.00121513
5.81381,0.0066784,0.00708716,0.00497397,0.00445847,0.0012243
5.86186,0.0066411,0.00704916,0.00498214,0.00446598,0.00123346
5.90991,0.006604,0.00701137,0.00499025,0.00447344,0.00124263
5.95796,0.00656711,0.00697378,0.00499829,0.00448084,0.0012518
6.00601,0.00653043,0.0069364,0.00500627,0.00448818,0.00126097
6.05405,0.00649395,0.00689921,0.00501419,0.00449547,0.00127014
6.1021,0.00645768,0.00686222,0.00502205,0.0045027,0.0012793
6.15015,0.00642161,0.00682543,0.00502985,0.00450988,0.00128847
6.1982,0.00638574,0.00678884,0.00503758,0.00451699,0.00129764
6.24625,0.00635007,0.00675245,0.00504526,0.00452406,0.0013068
6.29429,0.0063146,0.00671625,0.00505287,0.00453106,0.00131597
6.34234,0.00627932,0.00668024,0.00506042,0.00453802,0.00132513
6.39039,0.00624425,0.00664443,0.00506792,0.00454492,0.00133429
6.43844,0.00620937,0.00660881,0.00507535,0.00455176,0.00134345
6.48649,0.00617468,0.00657337,0.00508273,0.00455855,0.00135261
6.53453,0.00614019,0.00653813,0.00509004,0.00456529,0.00136177
6.58258,0.00610589,0.00650308,0.0050973,0.00457197,0.00137092
6.63063,0.00607179,0.00646822,0.0051045,0.00457861,0.00138008
6.67868,0.00603787,0.00643354,0.00511165,0.00458518,0.00138923
6.72673,0.00600414,0.00639905,0.00511873,0.00459171,0.00139838
6.77477,0.0059706,0.00636475,0.00512576,0.00459818,0.00140752
6.82282,0.00593725,0.00633062,0.00513273,0.00460461,0.00141667
6.87087,0.00590409,0.00629668,0.00513965,0.00461098,0.00142581
6.91892,0.00587111,0.00626293,0.0051465,0.0046173,0.00143495
6.96697,0.00583831,0.00622935,0.00515331,0.00462357,0.00144409
7.01502,0.0058057,0.00619596,0.00516006,0.00462978,0.00145322
7.06306,0.00577327,0.00616274,0.00516675,0.00463595,0.00146235
7.11111,0.00574102,0.0061297,0.00517339,0.00464207,0.00147148
7.15916,0.00570895,0.00609684,0.00517997,0.00464814,0.0014806
7.20721,0.00567706,0.00606415,0.0051865,0.00465415,0.00148972
7.25526,0.00564535,0.00603164,0.00519298,0.00466012,0.00149883
7.3033,0.00561382,0.0059993,0.0051994,0.00466604,0.00150795
7.35135,0.00558246,0.00596714,0.00520577,0.00467191,0.00151706
7.3994,0.00555128,0.00593515,0.00521208,0.00467774,0.00152616
7.44745,0.00552027,0.00590333,0.00521835,0.00468351,0.00153526
7.4955,0.00548943,0.00587168,0.00522456,0.00468924,0.00154436
7.54354,0.00545877,0.00584021,0.00523072,0.00469492,0.00155345
7.59159,0.00542828,0.0058089,0.00523682,0.00470055,0.00156254
7.63964,0.00539796,0.00577775,0.00524288,0.00470613,0.00157162
7.68769,0.0053678,0.00574678,0.00524888,0.00471167,0.0015807
7.73574,0.00533782,0.00571597,0.00525484,0.00471716,0.00158977
7.78378,0.005308,0.00568533,0.00526074,0.00472261,0.00159884
7.83183,0.00527835,0.00565485,0.00526659,0.004728,0.0016079
7.87988,0.00524887,0.00562453,0.0052724,0.00473336,0.00161696
7.92793,0.00521955,0.00559438,0.00527815,0.00473866,0.00162601
7.97598,0.00519039,0.00556438,0.00528385,0.00474393,0.00163506
8.02402,0.0051614,0.00553455,0.00528951,0.00474914,0.0016441
8.07207,0.00513257,0.00550488,0.00529512,0.00475431,0.00165314
8.12012,0.0051039,0.00547537,0.00530067,0.00475944,0.00166217
8.16817,0.00507539,0.00544602,0.00530618,0.00476453,0.0016712
8.21622,0.00504704,0.00541682,0.00531164,0.00476956,0.00168021
8.26426,0.00501885,0.00538778,0.00531706,0.00477456,0.00168923
8.31231,0.00499081,0.0053589,0.00532242,0.00477951,0.00169824
8.36036,0.00496293,0.00533017,0.00532774,0.00478442,0.00170724
8.40841,0.00493521,0.00530159,0.00533302,0.00478928,0.00171623
8.45646,0.00490764,0.00527317,0.00533824,0.00479411,0.00172522
8.5045,0.00488023,0.0052449,0.00534342,0.00479889,0.0017342
8.55255,0.00485297,0.00521678,0.00534855,0.00480362,0.00174318
8.6006,0.00482586,0.00518881,0.00535364,0.00480832,0.00175214
8.64865,0.00479891,0.00516099,0.00535868,0.00481297,0.00176111
8.6967,0.0047721,0.00513333,0.00536368,0.00481758,0.00177006
8.74474,0.00474544,0.00510581,0.00536863,0.00482216,0.00177901
8.79279,0.00471894,0.00507843,0.00537354,0.00482668,0.00178795
8.84084,0.00469258,0.00505121,0.0053784,0.00483117,0.00179688
8.88889,0.00466636,0.00502413,0.00538322,0.00483562,0.00180581
8.93694,0.0046403,0.00499719,0.00538799,0.00484003,0.00181473
8.98498,0.00461438,0.0049704,0.00539272,0.00484439,0.00182364
9.03303,0.0045886,0.00494375,0.00539741,0.00484872,0.00183254
9.08108,0.00456297,0.00491725,0.00540205,0.00485301,0.00184144
9.12913,0.00453748,0.00489089,0.00540665,0.00485725,0.00185033
9.17718,0.00451214,0.00486467,0.00541121,0.00486146,0.00185921
9.22523,0.00448693,0.00483859,0.00541573,0.00486563,0.00186808
9.27327,0.00446187,0.00481265,0.0054202,0.00486976,0.00187695
9.32132,0.00443695,0.00478685,0.00542463,0.00487385,0.0018858
9.36937,0.00441216,0.00476118,0.00542902,0.0048779,0.00189465
9.41742,0.00438752,0.00473566,0.00543337,0.00488192,0.00190349
9.46547,0.00436301,0.00471027,0.00543767,0.00488589,0.00191232
9.51351,0.00433864,0.00468502,0.00544194,0.00488983,0.00192115
9.56156,0.0043144,0.0046599,0.00544616,0.00489373,0.00192996
9.60961,0.0042903,0.00463492,0.00545035,0.00489759,0.00193877
9.65766,0.00426634,0.00461007,0.00545449,0.00490142,0.00194757
9.70571,0.0042425,0.00458536,0.0054586,0.00490521,0.00195636
9.75375,0.00421881,0.00456077,0.00546266,0.00490896,0.00196514
9.8018,0.00419524,0.00453632,0.00546668,0.00491267,0.00197391
9.84985,0.00417181,0.004512,0.00547067,0.00491635,0.00198267
9.8979,0.0041485,0.00448781,0.00547462,0.00491999,0.00199143
9.94595,0.00412533,0.00446376,0.00547852,0.0049236,0.00200017
9.99399,0.00410229,0.00443982,0.00548239,0.00492717,0.00200891
10.042,0.00407937,0.00441602,0.00548622,0.00493071,0.00201763
10.0901,0.00405659,0.00439235,0.00549001,0.00493421,0.00202635
10.1381,0.00403393,0.0043688,0.00549376,0.00493767,0.00203506
10.1862,0.00401139,0.00434538,0.00549748,0.0049411,0.00204375
10.2342,0.00398899,0.00432208,0.00550116,0.00494449,0.00205244
10.2823,0.0039667,0.00429891,0.0055048,0.00494785,0.00206112
10.3303,0.00394455,0.00427586,0.0055084,0.00495118,0.00206979
10.3784,0.00392251,0.00425294,0.00551197,0.00495447,0.00207845
10.4264,0.0039006,0.00423014,0.0055155,0.00495773,0.0020871
10.4745,0.00387881,0.00420746,0.00551899,0.00496095,0.00209574
10.5225,0.00385715,0.00418491,0.00552245,0.00496414,0.00210437
10.5706,0.0038356,0.00416247,0.00552587,0.0049673,0.00211299
10.6186,0.00381418,0.00414015,0.00552925,0.00497042,0.0021216
10.6667,0.00379287,0.00411796,0.0055326,0.00497351,0.0021302
10.7147,0.00377168,0.00409588,0.00553591,0.00497657,0.00213879
10.7628,0.00375062,0.00407392,0.00553919,0.00497959,0.00214737
10.8108,0.00372966,0.00405208,0.00554244,0.00498258,0.00215593
10.8589,0.00370883,0.00403036,0.00554564,0.00498554,0.00216449
10.9069,0.00368811,0.00400875,0.00554882,0.00498847,0.00217304
10.955,0.00366751,0.00398726,0.00555196,0.00499136,0.00218158
11.003,0.00364703,0.00396589,0.00555506,0.00499423,0.0021901
11.0511,0.00362665,0.00394462,0.00555813,0.00499706,0.00219862
11.0991,0.0036064,0.00392348,0.00556117,0.00499986,0.00220712
11.1471,0.00358625,0.00390244,0.00556417,0.00500263,0.00221562
11.1952,0.00356622,0.00388152,0.00556714,0.00500537,0.0022241
11.2432,0.0035463,0.00386071,0.00557008,0.00500807,0.00223257
11.2913,0.00352649,0.00384001,0.00557298,0.00501075,0.00224103
11.3393,0.00350679,0.00381943,0.00557585,0.0050134,0.00224949
11.3874,0.0034872,0.00379895,0.00557869,0.00501601,0.00225792
11.4354,0.00346772,0.00377858,0.0055815,0.0050186,0.00226635
11.4835,0.00344835,0.00375833,0.00558427,0.00502115,0.00227477
11.5315,0.00342909,0.00373818,0.00558701,0.00502368,0.00228318
11.5796,0.00340994,0.00371814,0.00558972,0.00502617,0.00229157
11.6276,0.00339089,0.0036982,0.0055924,0.00502864,0.00229995
11.6757,0.00337195,0.00367838,0.00559504,0.00503107,0.00230832
11.7237,0.00335311,0.00365866,0.00559766,0.00503348,0.00231669
11.7718,0.00333438,0.00363904,0.00560024,0.00503586,0.00232503
11.8198,0.00331576,0.00361953,0.00560279,0.00503821,0.00233337
11.8679,0.00329724,0.00360013,0.00560531,0.00504053,0.0023417
11.9159,0.00327882,0.00358083,0.00560781,0.00504282,0.00235001
11.964,0.0032605,0.00356163,0.00561027,0.00504509,0.00235831
12.012,0.00324229,0.00354254,0.0056127,0.00504732,0.0023666
12.0601,0.00322418,0.00352355,0.0056151,0.00504953,0.00237488
12.1081,0.00320617,0.00350466,0.00561746,0.00505171,0.00238315
12.1562,0.00318826,0.00348587,0.00561981,0.00505386,0.0023914
12.2042,0.00317045,0.00346718,0.00562212,0.00505598,0.00239965
12.2523,0.00315274,0.00344859,0.0056244,0.00505808,0.00240788
12.3003,0.00313513,0.0034301,0.00562665,0.00506015,0.0024161
12.3483,0.00311762,0.00341171,0.00562887,0.00506219,0.0024243
12.3964,0.0031002,0.00339342,0.00563107,0.00506421,0.0024325
12.4444,0.00308288,0.00337523,0.00563323,0.0050662,0.00244068
12.4925,0.00306566,0.00335714,0.00563537,0.00506816,0.00244885
12.5405,0.00304854,0.00333914,0.00563748,0.00507009,0.00245701
12.5886,0.00303151,0.00332124,0.00563956,0.005072,0.00246515
12.6366,0.00301458,0.00330343,0.00564161,0.00507388,0.00247328
12.6847,0.00299774,0.00328572,0.00564363,0.00507574,0.00248141
12.7327,0.00298099,0.00326811,0.00564563,0.00507757,0.00248951
12.7808,0.00296434,0.00325059,0.0056476,0.00507938,0.00249761
12.8288,0.00294778,0.00323316,0.00564954,0.00508116,0.00250569
12.8769,0.00293132,0.00321583,0.00565145,0.00508291,0.00251376
12.9249,0.00291494,0.00319859,0.00565334,0.00508464,0.00252182
12.973,0.00289866,0.00318144,0.0056552,0.00508634,0.00252987
13.021,0.00288247,0.00316438,0.00565703,0.00508802,0.0025379
13.0691,0.00286637,0.00314742,0.00565884,0.00508967,0.00254592
13.1171,0.00285036,0.00313054,0.00566062,0.0050913,0.00255393
13.1652,0.00283443,0.00311376,0.00566237,0.0050929,0.00256192
13.2132,0.0028186,0.00309707,0.0056641,0.00509448,0.0025699
13.2613,0.00280286,0.00308046,0.0056658,0.00509604,0.00257787
13.3093,0.0027872,0.00306395,0.00566748,0.00509757,0.00258583
13.3574,0.00277163,0.00304752,0.00566913,0.00509908,0.00259377
13.4054,0.00275615,0.00303118,0.00567075,0.00510056,0.0026017
13.4535,0.00274075,0.00301493,0.00567235,0.00510202,0.00260961
13.5015,0.00272545,0.00299877,0.00567393,0.00510345,0.00261752
13.5495,0.00271022,0.00298269,0.00567547,0.00510487,0.00262541
13.5976,0.00269508,0.0029667,0.005677,0.00510625,0.00263329
13.6456,0.00268003,0.0029508,0.0056785,0.00510762,0.00264115
13.6937,0.00266506,0.00293498,0.00567997,0.00510896,0.002649
13.7417,0.00265017,0.00291924,0.00568142,0.00511028,0.00265684
13.7898,0.00263537,0.00290359,0.00568285,0.00511158,0.00266466
13.8378,0.00262065,0.00288803,0.00568425,0.00511285,0.00267247
13.8859,0.00260601,0.00287254,0.00568563,0.0051141,0.00268027
13.9339,0.00259145,0.00285714,0.00568698,0.00511533,0.00268806
13.982,0.00257698,0.00284183,0.00568831,0.00511654,0.00269583
14.03,0.00256258,0.00282659,0.00568962,0.00511772,0.00270358
14.0781,0.00254827,0.00281144,0.0056909,0.00511888,0.00271133
14.1261,0.00253403,0.00279637,0.00569216,0.00512002,0.00271906
14.1742,0.00251988,0.00278137,0.00569339,0.00512114,0.00272678
14.2222,0.0025058,0.00276646,0.00569461,0.00512224,0.00273448
14.2703,0.0024918,0.00275163,0.0056958,0.00512331,0.00274217
14.3183,0.00247789,0.00273688,0.00569696,0.00512437,0.00274985
14.3664,0.00246404,0.00272221,0.00569811,0.0051254,0.00275751
14.4144,0.00245028,0.00270761,0.00569923,0.00512641,0.00276516
14.4625,0.00243659,0.0026931,0.00570033,0.0051274,0.00277279
14.5105,0.00242298,0.00267866,0.00570141,0.00512837,0.00278042
14.5586,0.00240945,0.0026643,0.00570246,0.00512932,0.00278802
14.6066,0.00239599,0.00265002,0.0057035,0.00513025,0.00279562
14.6547,0.00238261,0.00263581,0.00570451,0.00513115,0.0028032
14.7027,0.0023693,0.00262168,0.0057055,0.00513204,0.00281077
14.7508,0.00235606,0.00260762,0.00570646,0.0051329,0.00281832
14.7988,0.0023429,0.00259364,0.00570741,0.00513375,0.00282586
14.8468,0.00232981,0.00257974,0.00570834,0.00513458,0.00283338
14.8949,0.0023168,0.00256591,0.00570924,0.00513538,0.00284089
14.9429,0.00230386,0.00255215,0.00571012,0.00513617,0.00284839
14.991,0.00229099,0.00253847,0.00571098,0.00513693,0.00285587
15.039,0.00227819,0.00252486,0.00571182,0.00513768,0.00286334
15.0871,0.00226547,0.00251132,0.00571264,0.00513841,0.0028708
15.1351,0.00225281,0.00249786,0.00571344,0.00513911,0.00287824
15.1832,0.00224023,0.00248447,0.00571422,0.0051398,0.00288567
15.2312,0.00222771,0.00247115,0.00571498,0.00514047,0.00289308
15.2793,0.00221527,0.0024579,0.00571572,0.00514112,0.00290048
15.3273,0.0022029,0.00244473,0.00571644,0.00514175,0.00290787
15.3754,0.00219059,0.00243162,0.00571714,0.00514236,0.00291524
15.4234,0.00217835,0.00241858,0.00571781,0.00514296,0.00292259
15.4715,0.00216619,0.00240562,0.00571847,0.00514353,0.00292994
15.5195,0.00215409,0.00239272,0.00571911,0.00514409,0.00293727
15.5676,0.00214205,0.00237989,0.00571973,0.00514462,0.00294458
15.6156,0.00213009,0.00236713,0.00572033,0.00514514,0.00295188
15.6637,0.00211819,0.00235444,0.00572091,0.00514565,0.00295917
15.7117,0.00210636,0.00234182,0.00572147,0.00514613,0.00296644
15.7598,0.00209459,0.00232927,0.00572202,0.00514659,0.0029737
15.8078,0.00208289,0.00231678,0.00572254,0.00514704,0.00298094
15.8559,0.00207126,0.00230436,0.00572304,0.00514747,0.00298817
15.9039,0.00205969,0.002292,0.00572353,0.00514788,0.00299538
15.952,0.00204818,0.00227972,0.005724,0.00514827,0.00300258
16,0.00203674,0.0022675,0.00572445,0.00514865,0.00300977
16.048,0.00202536,0.00225534,0.00572488,0.00514901,0.00301694
16.0961,0.00201405,0.00224325,0.00572529,0.00514935,0.0030241
16.1441,0.0020028,0.00223122,0.00572568,0.00514968,0.00303124
16.1922,0.00199161,0.00221926,0.00572606,0.00514998,0.00303837
16.2402,0.00198049,0.00220736,0.00572642,0.00515027,0.00304548
16.2883,0.00196943,0.00219553,0.00572676,0.00515055,0.00305258
16.3363,0.00195842,0.00218376,0.00572708,0.0051508,0.00305967
16.3844,0.00194749,0.00217205,0.00572738,0.00515104,0.00306674
16.4324,0.00193661,0.00216041,0.00572767,0.00515127,0.00307379
16.4805,0.00192579,0.00214882,0.00572794,0.00515147,0.00308084
16.5285,0.00191503,0.0021373,0.00572819,0.00515166,0.00308786
16.5766,0.00190433,0.00212585,0.00572843,0.00515184,0.00309488
16.6246,0.0018937,0.00211445,0.00572865,0.005152,0.00310187
16.6727,0.00188312,0.00210311,0.00572885,0.00515214,0.00310886
16.7207,0.0018726,0.00209184,0.00572903,0.00515226,0.00311583
16.7688,0.00186214,0.00208062,0.0057292,0.00515237,0.00312278
16.8168,0.00185174,0.00206947,0.00572935,0.00515247,0.00312972
16.8649,0.0018414,0.00205837,0.00572948,0.00515255,0.00313665
16.9129,0.00183111,0.00204734,0.0057296,0.00515261,0.00314356
16.961,0.00182088,0.00203636,0.0057297,0.00515266,0.00315045
17.009,0.00181071,0.00202545,0.00572979,0.00515269,0.00315734
17.0571,0.0018006,0.00201459,0.00572986,0.00515271,0.0031642
17.1051,0.00179054,0.00200379,0.00572991,0.00515271,0.00317106
17.1532,0.00178054,0.00199304,0.00572995,0.00515269,0.00317789
17.2012,0.00177059,0.00198236,0.00572997,0.00515266,0.00318472
17.2492,0.0017607,0.00197173,0.00572997,0.00515262,0.00319152
17.2973,0.00175086,0.00196116,0.00572996,0.00515256,0.00319832
17.3453,0.00174108,0.00195065,0.00572993,0.00515249,0.0032051
17.3934,0.00173136,0.00194019,0.00572989,0.0051524,0.00321186
17.4414,0.00172169,0.00192979,0.00572983,0.00515229,0.00321861
17.4895,0.00171207,0.00191944,0.00572976,0.00515218,0.00322535
17.5375,0.00170251,0.00190915,0.00572967,0.00515204,0.00323207
17.5856,0.001693,0.00189892,0.00572957,0.0051519,0.00323877
17.6336,0.00168354,0.00188874,0.00572945,0.00515174,0.00324546
17.6817,0.00167414,0.00187861,0.00572932,0.00515156,0.00325214
17.7297,0.00166478,0.00186854,0.00572917,0.00515137,0.0032588
17.7778,0.00165549,0.00185852,0.00572901,0.00515117,0.00326545
17.8258,0.00164624,0.00184856,0.00572883,0.00515095,0.00327208
17.8739,0.00163704,0.00183865,0.00572864,0.00515072,0.0032787
17.9219,0.0016279,0.00182879,0.00572843,0.00515047,0.0032853
17.97,0.0016188,0.00181899,0.00572821,0.00515021,0.00329189
18.018,0.00160976,0.00180924,0.00572798,0.00514994,0.00329846
18.0661,0.00160077,0.00179954,0.00572773,0.00514966,0.00330502
18.1141,0.00159183,0.00178989,0.00572746,0.00514936,0.00331156
18.1622,0.00158294,0.00178029,0.00572719,0.00514904,0.00331809
18.2102,0.00157409,0.00177075,0.00572689,0.00514872,0.00332461
18.2583,0.0015653,0.00176125,0.00572659,0.00514838,0.00333111
18.3063,0.00155656,0.00175181,0.00572627,0.00514803,0.00333759
18.3544,0.00154786,0.00174242,0.00572594,0.00514766,0.00334406
18.4024,0.00153922,0.00173308,0.00572559,0.00514728,0.00335051
18.4505,0.00153062,0.00172379,0.00572523,0.00514689,0.00335695
18.4985,0.00152207,0.00171455,0.00572486,0.00514648,0.00336338
18.5465,0.00151357,0.00170536,0.00572447,0.00514607,0.00336979
18.5946,0.00150511,0.00169621,0.00572407,0.00514564,0.00337619
18.6426,0.00149671,0.00168712,0.00572365,0.00514519,0.00338257
18.6907,0.00148835,0.00167807,0.00572323,0.00514474,0.00338893
18.7387,0.00148003,0.00166908,0.00572279,0.00514427,0.00339528
18.7868,0.00147176,0.00166013,0.00572233,0.00514379,0.00340162
18.8348,0.00146354,0.00165123,0.00572187,0.0051433,0.00340794
18.8829,0.00145537,0.00164238,0.00572139,0.00514279,0.00341425
18.9309,0.00144724,0.00163357,0.0057209,0.00514228,0.00342054
18.979,0.00143915,0.00162481,0.00572039,0.00514175,0.00342682
19.027,0.00143112,0.0016161,0.00571988,0.00514121,0.00343308
19.0751,0.00142312,0.00160744,0.00571935,0.00514066,0.00343933
19.1231,0.00141517,0.00159882,0.00571881,0.00514009,0.00344556
19.1712,0.00140727,0.00159025,0.00571825,0.00513951,0.00345178
19.2192,0.00139941,0.00158173,0.00571769,0.00513893,0.00345798
19.2673,0.00139159,0.00157325,0.00571711,0.00513833,0.00346417
19.3153,0.00138382,0.00156481,0.00571652,0.00513771,0.00347035
19.3634,0.00137609,0.00155642,0.00571591,0.00513709,0.00347651
19.4114,0.0013684,0.00154808,0.0057153,0.00513646,0.00348265
19.4595,0.00136076,0.00153978,0.00571467,0.00513581,0.00348878
19.5075,0.00135315,0.00153152,0.00571403,0.00513515,0.00349489
19.5556,0.0013456,0.00152331,0.00571338,0.00513449,0.00350099
19.6036,0.00133808,0.00151515,0.00571272,0.00513381,0.00350708
19.6517,0.00133061,0.00150702,0.00571205,0.00513311,0.00351315
19.6997,0.00132317,0.00149894,0.00571136,0.00513241,0.0035192
19.7477,0.00131578,0.00149091,0.00571067,0.0051317,0.00352524
19.7958,0.00130843,0.00148292,0.00570996,0.00513098,0.00353127
19.8438,0.00130112,0.00147497,0.00570924,0.00513024,0.00353728
19.8919,0.00129386,0.00146706,0.00570851,0.0051295,0.00354328
19.9399,0.00128663,0.00145919,0.00570777,0.00512874,0.00354926
19.988,0.00127944,0.00145137,0.00570701,0.00512797,0.00355523
20.036,0.00127229,0.00144359,0.00570625,0.0051272,0.00356118
20.0841,0.00126519,0.00143585,0.00570548,0.00512641,0.00356711
20.1321,0.00125812,0.00142815,0.00570469,0.00512561,0.00357304
20.1802,0.00125109,0.0014205,0.00570389,0.0051248,0.00357894
20.2282,0.0012441,0.00141288,0.00570309,0.00512398,0.00358484
20.2763,0.00123715,0.00140531,0.00570227,0.00512315,0.00359072
20.3243,0.00123024,0.00139777,0.00570144,0.00512232,0.00359658
20.3724,0.00122337,0.00139028,0.0057006,0.00512147,0.00360243
20.4204,0.00121654,0.00138282,0.00569975,0.00512061,0.00360826
20.4685,0.00120974,0.00137541,0.00569889,0.00511974,0.00361408
20.5165,0.00120299,0.00136804,0.00569802,0.00511886,0.00361989
20.5646,0.00119627,0.0013607,0.00569714,0.00511797,0.00362568
20.6126,0.00118958,0.00135341,0.00569625,0.00511707,0.00363145
20.6607,0.00118294,0.00134615,0.00569535,0.00511616,0.00363721
20.7087,0.00117633,0.00133894,0.00569444,0.00511524,0.00364296
20.7568,0.00116976,0.00133176,0.00569351,0.00511431,0.00364869
20.8048,0.00116323,0.00132462,0.00569258,0.00511338,0.0036544
20.8529,0.00115673,0.00131752,0.00569164,0.00511243,0.00366011
20.9009,0.00115027,0.00131045,0.00569069,0.00511147,0.00366579
20.9489,0.00114384,0.00130343,0.00568973,0.00511051,0.00367146
20.997,0.00113745,0.00129644,0.00568876,0.00510953,0.00367712
21.045,0.0011311,0.00128949,0.00568778,0.00510854,0.00368277
21.0931,0.00112478,0.00128258,0.00568679,0.00510755,0.00368839
21.1411,0.0011185,0.0012757,0.00568579,0.00510655,0.00369401
21.1892,0.00111225,0.00126886,0.00568478,0.00510553,0.00369961
21.2372,0.00110604,0.00126206,0.00568376,0.00510451,0.00370519
21.2853,0.00109986,0.00125529,0.00568273,0.00510348,0.00371076
21.3333,0.00109371,0.00124856,0.0056817,0.00510244,0.00371632
21.3814,0.00108761,0.00124187,0.00568065,0.0051014,0.00372186
21.4294,0.00108153,0.00123521,0.00567959,0.00510034,0.00372738
21.4775,0.00107549,0.00122859,0.00567853,0.00509927,0.00373289
21.5255,0.00106948,0.001222,0.00567745,0.0050982,0.00373839
21.5736,0.00106351,0.00121545,0.00567637,0.00509711,0.00374387
21.6216,0.00105757,0.00120894,0.00567528,0.00509602,0.00374934
21.6697,0.00105166,0.00120245,0.00567418,0.00509492,0.00375479
21.7177,0.00104578,0.00119601,0.00567307,0.00509381,0.00376023
21.7658,0.00103994,0.0011896,0.00567195,0.0050927,0.00376566
21.8138,0.00103413,0.00118322,0.00567082,0.00509157,0.00377107
21.8619,0.00102836,0.00117688,0.00566969,0.00509044,0.00377646
21.9099,0.00102261,0.00117057,0.00566854,0.00508929,0.00378184
21.958,0.0010169,0.00116429,0.00566739,0.00508814,0.00378721
22.006,0.00101122,0.00115805,0.00566623,0.00508698,0.00379256
22.0541,0.00100557,0.00115184,0.00566506,0.00508582,0.00379789
22.1021,0.000999955,0.00114567,0.00566388,0.00508464,0.00380322
22.1502,0.000994369,0.00113952,0.0056627,0.00508346,0.00380853
22.1982,0.000988815,0.00113341,0.0056615,0.00508227,0.00381382
22.2462,0.000983292,0.00112734,0.0056603,0.00508107,0.0038191
22.2943,0.000977799,0.00112129,0.00565909,0.00507986,0.00382436
22.3423,0.000972337,0.00111528,0.00565787,0.00507865,0.00382961
22.3904,0.000966906,0.0011093,0.00565664,0.00507742,0.00383485
22.4384,0.000961505,0.00110336,0.0056554,0.00507619,0.00384007
22.4865,0.000956134,0.00109744,0.00565416,0.00507495,0.00384528
22.5345,0.000950793,0.00109156,0.00565291,0.00507371,0.00385047
22.5826,0.000945482,0.00108571,0.00565165,0.00507246,0.00385565
22.6306,0.000940201,0.00107989,0.00565038,0.00507119,0.00386081
22.6787,0.000934949,0.0010741,0.00564911,0.00506993,0.00386596
22.7267,0.000929726,0.00106834,0.00564782,0.00506865,0.0038711
22.7748,0.000924533,0.00106261,0.00564653,0.00506737,0.00387622
22.8228,0.000919369,0.00105691,0.00564524,0.00506608,0.00388132
22.8709,0.000914233,0.00105125,0.00564393,0.00506478,0.00388642
22.9189,0.000909126,0.00104561,0.00564262,0.00506347,0.00389149
22.967,0.000904048,0.00104001,0.0056413,0.00506216,0.00389656
23.015,0.000898998,0.00103443,0.00563997,0.00506084,0.00390161
23.0631,0.000893976,0.00102888,0.00563863,0.00505952,0.00390664
23.1111,0.000888983,0.00102337,0.00563729,0.00505818,0.00391166
23.1592,0.000884017,0.00101788,0.00563594,0.00505684,0.00391667
23.2072,0.000879079,0.00101243,0.00563458,0.00505549,0.00392166
23.2553,0.000874169,0.001007,0.00563322,0.00505414,0.00392664
23.3033,0.000869286,0.0010016,0.00563185,0.00505278,0.0039316
23.3514,0.00086443,0.000996229,0.00563047,0.00505141,0.00393655
23.3994,0.000859601,0.000990888,0.00562908,0.00505003,0.00394149
23.4474,0.0008548,0.000985576,0.00562769,0.00504865,0.00394641
23.4955,0.000850025,0.000980292,0.00562629,0.00504726,0.00395132
23.5435,0.000845277,0.000975037,0.00562489,0.00504587,0.00395621
23.5916,0.000840555,0.00096981,0.00562347,0.00504447,0.00396109
23.6396,0.00083586,0.000964611,0.00562205,0.00504306,0.00396596
23.6877,0.000831191,0.000959439,0.00562063,0.00504164,0.00397081
23.7357,0.000826548,0.000954296,0.00561919,0.00504022,0.00397564
23.7838,0.000821931,0.000949179,0.00561775,0.0050388,0.00398047
23.8318,0.00081734,0.000944091,0.00561631,0.00503736,0.00398527
23.8799,0.000812774,0.000939029,0.00561485,0.00503592,0.00399007
23.9279,0.000808234,0.000933995,0.00561339,0.00503447,0.00399485
23.976,0.000803719,0.000928988,0.00561193,0.00503302,0.00399962
24.024,0.00079923,0.000924008,0.00561045,0.00503156,0.00400437
24.0721,0.000794765,0.000919054,0.00560897,0.00503009,0.00400911
24.1201,0.000790326,0.000914127,0.00560749,0.00502862,0.00401383
24.1682,0.000785911,0.000909226,0.005606,0.00502715,0.00401854
24.2162,0.000781521,0.000904352,0.0056045,0.00502566,0.00402324
24.2643,0.000777156,0.000899503,0.00560299,0.00502417,0.00402792
24.3123,0.000772815,0.000894681,0.00560148,0.00502267,0.00403259
24.3604,0.000768498,0.000889885,0.00559997,0.00502117,0.00403724
24.4084,0.000764205,0.000885114,0.00559844,0.00501966,0.00404188
24.4565,0.000759936,0.000880369,0.00559692,0.00501815,0.00404651
24.5045,0.000755691,0.000875649,0.00559538,0.00501663,0.00405112
24.5526,0.00075147,0.000870954,0.00559384,0.00501511,0.00405572
24.6006,0.000747273,0.000866285,0.00559229,0.00501357,0.00406031
24.6486,0.000743098,0.000861641,0.00559074,0.00501204,0.00406488
24.6967,0.000738948,0.000857022,0.00558918,0.0050105,0.00406944
24.7447,0.00073482,0.000852427,0.00558762,0.00500895,0.00407398
24.7928,0.000730715,0.000847857,0.00558605,0.00500739,0.00407851
24.8408,0.000726634,0.000843312,0.00558447,0.00500583,0.00408303
24.8889,0.000722575,0.000838791,0.00558289,0.00500427,0.00408753
24.9369,0.000718538,0.000834294,0.0055813,0.0050027,0.00409202
24.985,0.000714525,0.000829821,0.00557971,0.00500112,0.00409649
25.033,0.000710533,0.000825372,0.00557811,0.00499954,0.00410096
25.0811,0.000706565,0.000820947,0.0055765,0.00499795,0.0041054
25.1291,0.000702618,0.000816546,0.00557489,0.00499636,0.00410984
25.1772,0.000698693,0.000812169,0.00557328,0.00499476,0.00411426
25.2252,0.00069479,0.000807815,0.00557166,0.00499316,0.00411866
25.2733,0.000690909,0.000803484,0.00557003,0.00499155,0.00412306
25.3213,0.00068705,0.000799176,0.0055684,0.00498994,0.00412744
25.3694,0.000683212,0.000794892,0.00556676,0.00498832,0.0041318
25.4174,0.000679396,0.00079063,0.00556512,0.0049867,0.00413616
25.4655,0.000675601,0.000786392,0.00556347,0.00498507,0.00414049
25.5135,0.000671827,0.000782176,0.00556182,0.00498344,0.00414482
25.5616,0.000668074,0.000777982,0.00556016,0.0049818,0.00414913
25.6096,0.000664342,0.000773812,0.0055585,0.00498015,0.00415343
25.6577,0.000660631,0.000769663,0.00555683,0.00497851,0.00415771
25.7057,0.000656941,0.000765537,0.00555516,0.00497685,0.00416198
25.7538,0.000653272,0.000761433,0.00555348,0.00497519,0.00416624
25.8018,0.000649622,0.000757351,0.0055518,0.00497353,0.00417049
25.8498,0.000645994,0.00075329,0.00555011,0.00497186,0.00417472
25.8979,0.000642385,0.000749252,0.00554842,0.00497019,0.00417893
25.9459,0.000638797,0.000745235,0.00554672,0.00496851,0.00418314
25.994,0.000635229,0.00074124,0.00554502,0.00496683,0.00418733
26.042,0.00063168,0.000737266,0.00554331,0.00496514,0.0041915
26.0901,0.000628152,0.000733313,0.0055416,0.00496345,0.00419567
26.1381,0.000624643,0.000729382,0.00553988,0.00496175,0.00419982
26.1862,0.000621154,0.000725472,0.00553816,0.00496005,0.00420396
26.2342,0.000617684,0.000721582,0.00553643,0.00495835,0.00420808
26.2823,0.000614234,0.000717714,0.0055347,0.00495664,0.00421219
26.3303,0.000610803,0.000713866,0.00553296,0.00495492,0.00421629
26.3784,0.000607391,0.000710039,0.00553122,0.0049532,0.00422037
26.4264,0.000603998,0.000706233,0.00552948,0.00495148,0.00422444
26.4745,0.000600624,0.000702446,0.00552773,0.00494975,0.0042285
26.5225,0.000597269,0.000698681,0.00552597,0.00494802,0.00423254
26.5706,0.000593933,0.000694935,0.00552422,0.00494628,0.00423657
26.6186,0.000590615,0.000691209,0.00552245,0.00494454,0.00424059
26.6667,0.000587316,0.000687504,0.00552069,0.0049428,0.00424459
26.7147,0.000584036,0.000683818,0.00551891,0.00494105,0.00424859
26.7628,0.000580773,0.000680152,0.00551714,0.00493929,0.00425256
26.8108,0.000577529,0.000676505,0.00551536,0.00493754,0.00425653
26.8589,0.000574303,0.000672879,0.00551357,0.00493577,0.00426048
26.9069,0.000571095,0.000669271,0.00551178,0.00493401,0.00426442
26.955,0.000567905,0.000665683,0.00550999,0.00493224,0.00426835
27.003,0.000564733,0.000662114,0.00550819,0.00493046,0.00427226
27.0511,0.000561578,0.000658565,0.00550639,0.00492869,0.00427616
27.0991,0.000558441,0.000655034,0.00550459,0.0049269,0.00428004
27.1471,0.000555322,0.000651523,0.00550278,0.00492512,0.00428392
27.1952,0.00055222,0.00064803,0.00550096,0.00492333,0.00428778
27.2432,0.000549135,0.000644555,0.00549914,0.00492153,0.00429163
27.2913,0.000546068,0.0006411,0.00549732,0.00491973,0.00429546
27.3393,0.000543018,0.000637663,0.0054955,0.00491793,0.00429928
27.3874,0.000539984,0.000634244,0.00549367,0.00491613,0.00430309
27.4354,0.000536968,0.000630844,0.00549183,0.00491432,0.00430689
27.4835,0.000533969,0.000627462,0.00548999,0.0049125,0.00431067
27.5315,0.000530986,0.000624098,0.00548815,0.00491069,0.00431444
27.5796,0.00052802,0.000620752,0.00548631,0.00490886,0.0043182
27.6276,0.000525071,0.000617425,0.00548446,0.00490704,0.00432194
27.6757,0.000522138,0.000614114,0.00548261,0.00490521,0.00432567
27.7237,0.000519221,0.000610822,0.00548075,0.00490338,0.00432939
27.7718,0.000516321,0.000607547,0.00547889,0.00490154,0.0043331
27.8198,0.000513437,0.00060429,0.00547702,0.00489971,0.00433679
27.8679,0.000510569,0.000601051,0.00547516,0.00489786,0.00434047
27.9159,0.000507717,0.000597828,0.00547329,0.00489602,0.00434414
27.964,0.000504881,0.000594623,0.00547141,0.00489417,0.0043478
28.012,0.00050206,0.000591436,0.00546953,0.00489231,0.00435144
28.0601,0.000499256,0.000588265,0.00546765,0.00489046,0.00435507
28.1081,0.000496467,0.000585111,0.00546576,0.0048886,0.00435869
28.1562,0.000493694,0.000581974,0.00546387,0.00488673,0.00436229
28.2042,0.000490936,0.000578854,0.00546198,0.00488487,0.00436588
28.2523,0.000488194,0.000575751,0.00546009,0.00488299,0.00436946
28.3003,0.000485467,0.000572664,0.00545819,0.00488112,0.00437303
28.3483,0.000482755,0.000569594,0.00545628,0.00487924,0.00437658
28.3964,0.000480058,0.000566541,0.00545438,0.00487736,0.00438013
28.4444,0.000477377,0.000563503,0.00545247,0.00487548,0.00438366
28.4925,0.00047471,0.000560482,0.00545055,0.00487359,0.00438717
28.5405,0.000472059,0.000557477,0.00544864,0.0048717,0.00439068
28.5886,0.000469422,0.000554489,0.00544672,0.00486981,0.00439417
28.6366,0.0004668,0.000551516,0.0054448,0.00486791,0.00439765
28.6847,0.000464192,0.000548559,0.00544287,0.00486601,0.00440111
28.7327,0.000461599,0.000545618,0.00544094,0.00486411,0.00440457
28.7808,0.000459021,0.000542693,0.00543901,0.00486221,0.00440801
28.8288,0.000456457,0.000539784,0.00543707,0.0048603,0.00441144
28.8769,0.000453907,0.00053689,0.00543513,0.00485839,0.00441486
28.9249,0.000451372,0.000534012,0.00543319,0.00485647,0.00441826
28.973,0.00044885,0.000531149,0.00543125,0.00485455,0.00442166
29.021,0.000446343,0.000528301,0.0054293,0.00485263,0.00442504
29.0691,0.00044385,0.000525469,0.00542735,0.00485071,0.0044284
29.1171,0.000441371,0.000522652,0.00542539,0.00484878,0.00443176
29.1652,0.000438905,0.00051985,0.00542344,0.00484685,0.0044351
29.2132,0.000436453,0.000517063,0.00542148,0.00484492,0.00443844
29.2613,0.000434015,0.000514291,0.00541951,0.00484298,0.00444175
29.3093,0.000431591,0.000511534,0.00541755,0.00484105,0.00444506
29.3574,0.00042918,0.000508792,0.00541558,0.00483911,0.00444836
29.4054,0.000426783,0.000506064,0.00541361,0.00483716,0.00445164
29.4535,0.000424399,0.000503351,0.00541163,0.00483522,0.00445491
29.5015,0.000422028,0.000500652,0.00540966,0.00483327,0.00445817
29.5495,0.000419671,0.000497968,0.00540768,0.00483131,0.00446141
29.5976,0.000417327,0.000495299,0.00540569,0.00482936,0.00446465
29.6456,0.000414996,0.000492643,0.00540371,0.0048274,0.00446787
29.6937,0.000412677,0.000490002,0.00540172,0.00482544,0.00447108
29.7417,0.000410372,0.000487375,0.00539973,0.00482348,0.00447428
29.7898,0.00040808,0.000484762,0.00539774,0.00482151,0.00447746
29.8378,0.0004058,0.000482163,0.00539574,0.00481955,0.00448064
29.8859,0.000403534,0.000479579,0.00539374,0.00481758,0.0044838
29.9339,0.00040128,0.000477007,0.00539174,0.0048156,0.00448695
29.982,0.000399038,0.00047445,0.00538973,0.00481363,0.00449009
30.03,0.000396809,0.000471907,0.00538773,0.00481165,0.00449322
30.0781,0.000394593,0.000469377,0.00538572,0.00480967,0.00449633
30.1261,0.000392388,0.00046686,0.00538371,0.00480769,0.00449943
30.1742,0.000390197,0.000464357,0.00538169,0.0048057,0.00450252
30.2222,0.000388017,0.000461868,0.00537968,0.00480371,0.0045056
30.2703,0.00038585,0.000459392,0.00537766,0.00480172,0.00450867
30.3183,0.000383694,0.000456929,0.00537563,0.00479973,0.00451172
30.3664,0.000381551,0.000454479,0.00537361,0.00479773,0.00451477
30.4144,0.00037942,0.000452043,0.00537158,0.00479574,0.0045178
30.4625,0.0003773,0.000449619,0.00536956,0.00479374,0.00452082
30.5105,0.000375193,0.000447209,0.00536752,0.00479174,0.00452383
30.5586,0.000373097,0.000444811,0.00536549,0.00478973,0.00452682
30.6066,0.000371013,0.000442427,0.00536345,0.00478772,0.00452981
30.6547,0.00036894,0.000440055,0.00536142,0.00478572,0.00453278
30.7027,0.00036688,0.000437696,0.00535938,0.0047837,0.00453574
30.7508,0.00036483,0.000435349,0.00535733,0.00478169,0.00453869
30.7988,0.000362792,0.000433015,0.00535529,0.00477968,0.00454163
30.8468,0.000360766,0.000430694,0.00535324,0.00477766,0.00454456
30.8949,0.000358751,0.000428385,0.00535119,0.00477564,0.00454747
30.9429,0.000356747,0.000426088,0.00534914,0.00477362,0.00455038
30.991,0.000354754,0.000423804,0.00534708,0.00477159,0.00455327
31.039,0.000352772,0.000421532,0.00534503,0.00476957,0.00455615
31.0871,0.000350802,0.000419272,0.00534297,0.00476754,0.00455902
31.1351,0.000348842,0.000417024,0.00534091,0.00476551,0.00456188
31.1832,0.000346894,0.000414789,0.00533885,0.00476348,0.00456472
31.2312,0.000344956,0.000412565,0.00533678,0.00476144,0.00456756
31.2793,0.000343029,0.000410353,0.00533472,0.00475941,0.00457038
31.3273,0.000341113,0.000408153,0.00533265,0.00475737,0.00457319
31.3754,0.000339208,0.000405965,0.00533058,0.00475533,0.00457599
31.4234,0.000337313,0.000403789,0.0053285,0.00475328,0.00457878
31.4715,0.000335429,0.000401624,0.00532643,0.00475124,0.00458156
31.5195,0.000333555,0.000399471,0.00532435,0.00474919,0.00458432
31.5676,0.000331692,0.000397329,0.00532227,0.00474715,0.00458708
31.6156,0.000329839,0.000395199,0.00532019,0.0047451,0.00458982
31.6637,0.000327996,0.00039308,0.00531811,0.00474304,0.00459256
31.7117,0.000326164,0.000390973,0.00531603,0.00474099,0.00459528
31.7598,0.000324342,0.000388877,0.00531394,0.00473894,0.00459799
31.8078,0.000322531,0.000386792,0.00531185,0.00473688,0.00460069
31.8559,0.000320729,0.000384718,0.00530976,0.00473482,0.00460337
31.9039,0.000318937,0.000382656,0.00530767,0.00473276,0.00460605
31.952,0.000317156,0.000380604,0.00530558,0.0047307,0.00460872
32,0.000315384,0.000378564,0.00530348,0.00472863,0.00461137
32.048,0.000313623,0.000376534,0.00530138,0.00472656,0.00461401
32.0961,0.000311871,0.000374516,0.00529928,0.0047245,0.00461665
32.1441,0.000310129,0.000372508,0.00529718,0.00472243,0.00461927
32.1922,0.000308396,0.000370511,0.00529508,0.00472036,0.00462188
32.2402,0.000306674,0.000368525,0.00529298,0.00471828,0.00462448
32.2883,0.000304961,0.000366549,0.00529087,0.00471621,0.00462706
32.3363,0.000303257,0.000364584,0.00528876,0.00471413,0.00462964
32.3844,0.000301563,0.000362629,0.00528665,0.00471205,0.00463221
32.4324,0.000299879,0.000360685,0.00528454,0.00470998,0.00463476
32.4805,0.000298204,0.000358752,0.00528243,0.00470789,0.0046373
32.5285,0.000296538,0.000356828,0.00528031,0.00470581,0.00463984
32.5766,0.000294881,0.000354915,0.0052782,0.00470373,0.00464236
32.6246,0.000293234,0.000353012,0.00527608,0.00470164,0.00464487
32.6727,0.000291596,0.00035112,0.00527396,0.00469955,0.00464737
32.7207,0.000289967,0.000349238,0.00527184,0.00469747,0.00464986
32.7688,0.000288348,0.000347365,0.00526972,0.00469538,0.00465234
32.8168,0.000286737,0.000345503,0.0052676,0.00469328,0.00465481
32.8649,0.000285135,0.000343651,0.00526547,0.00469119,0.00465726
32.9129,0.000283543,0.000341808,0.00526334,0.0046891,0.00465971
32.961,0.000281959,0.000339976,0.00526122,0.004687,0.00466215
33.009,0.000280384,0.000338153,0.00525909,0.0046849,0.00466457
33.0571,0.000278818,0.00033634,0.00525695,0.0046828,0.00466698
33.1051,0.00027726,0.000334537,0.00525482,0.0046807,0.00466939
33.1532,0.000275711,0.000332744,0.00525269,0.0046786,0.00467178
33.2012,0.000274171,0.00033096,0.00525055,0.0046765,0.00467416
33.2492,0.00027264,0.000329186,0.00524842,0.00467439,0.00467653
33.2973,0.000271117,0.000327421,0.00524628,0.00467229,0.0046789
33.3453,0.000269603,0.000325665,0.00524414,0.00467018,0.00468125
33.3934,0.000268097,0.00032392,0.005242,0.00466807,0.00468359
33.4414,0.000266599,0.000322183,0.00523985,0.00466596,0.00468591
33.4895,0.00026511,0.000320456,0.00523771,0.00466385,0.00468823
33.5375,0.000263629,0.000318738,0.00523557,0.00466174,0.00469054
33.5856,0.000262156,0.000317029,0.00523342,0.00465963,0.00469284
33.6336,0.000260692,0.000315329,0.00523127,0.00465751,0.00469513
33.6817,0.000259236,0.000313639,0.00522912,0.0046554,0.0046974
33.7297,0.000257788,0.000311957,0.00522697,0.00465328,0.00469967
33.7778,0.000256348,0.000310285,0.00522482,0.00465116,0.00470192
33.8258,0.000254916,0.000308621,0.00522267,0.00464904,0.00470417
33.8739,0.000253492,0.000306967,0.00522052,0.00464692,0.0047064
33.9219,0.000252076,0.000305321,0.00521836,0.0046448,0.00470863
33.97,0.000250668,0.000303684,0.00521621,0.00464268,0.00471084
34.018,0.000249268,0.000302056,0.00521405,0.00464055,0.00471305
34.0661,0.000247875,0.000300437,0.00521189,0.00463843,0.00471524
34.1141,0.000246491,0.000298826,0.00520973,0.0046363,0.00471742
34.1622,0.000245114,0.000297224,0.00520757,0.00463417,0.0047196
34.2102,0.000243745,0.000295631,0.00520541,0.00463204,0.00472176
34.2583,0.000242383,0.000294046,0.00520324,0.00462991,0.00472391
34.3063,0.000241029,0.00029247,0.00520108,0.00462778,0.00472606
34.3544,0.000239683,0.000290902,0.00519891,0.00462565,0.00472819
34.4024,0.000238344,0.000289342,0.00519675,0.00462352,0.00473031
34.4505,0.000237013,0.000287791,0.00519458,0.00462138,0.00473242
34.4985,0.000235689,0.000286248,0.00519241,0.00461925,0.00473452
34.5465,0.000234372,0.000284713,0.00519024,0.00461711,0.00473661
34.5946,0.000233063,0.000283187,0.00518807,0.00461498,0.0047387
34.6426,0.000231761,0.000281669,0.0051859,0.00461284,0.00474077
34.6907,0.000230466,0.000280159,0.00518373,0.0046107,0.00474283
34.7387,0.000229179,0.000278657,0.00518155,0.00460856,0.00474488
34.7868,0.000227899,0.000277163,0.00517938,0.00460642,0.00474692
34.8348,0.000226626,0.000275677,0.0051772,0.00460428,0.00474895
34.8829,0.00022536,0.000274199,0.00517503,0.00460214,0.00475097
34.9309,0.000224101,0.000272729,0.00517285,0.00459999,0.00475298
34.979,0.000222849,0.000271267,0.00517067,0.00459785,0.00475499
35.027,0.000221605,0.000269813,0.00516849,0.0045957,0.00475698
35.0751,0.000220367,0.000268366,0.00516631,0.00459356,0.00475896
35.1231,0.000219136,0.000266927,0.00516413,0.00459141,0.00476093
35.1712,0.000217912,0.000265496,0.00516195,0.00458926,0.00476289
35.2192,0.000216694,0.000264073,0.00515977,0.00458711,0.00476484
35.2673,0.000215484,0.000262657,0.00515758,0.00458496,0.00476679
35.3153,0.00021428,0.000261249,0.0051554,0.00458281,0.00476872
35.3634,0.000213083,0.000259849,0.00515321,0.00458066,0.00477064
35.4114,0.000211893,0.000258456,0.00515103,0.00457851,0.00477255
35.4595,0.00021071,0.00025707,0.00514884,0.00457636,0.00477446
35.5075,0.000209533,0.000255692,0.00514665,0.00457421,0.00477635
35.5556,0.000208362,0.000254321,0.00514446,0.00457205,0.00477823
35.6036,0.000207198,0.000252958,0.00514228,0.0045699,0.00478011
35.6517,0.000206041,0.000251601,0.00514008,0.00456774,0.00478197
35.6997,0.00020489,0.000250253,0.00513789,0.00456559,0.00478382
35.7477,0.000203745,0.000248911,0.0051357,0.00456343,0.00478567
35.7958,0.000202607,0.000247576,0.00513351,0.00456127,0.0047875
35.8438,0.000201476,0.000246249,0.00513132,0.00455911,0.00478933
35.8919,0.00020035,0.000244929,0.00512912,0.00455695,0.00479115
35.9399,0.000199231,0.000243616,0.00512693,0.00455479,0.00479295
35.988,0.000198118,0.00024231,0.00512473,0.00455263,0.00479475
36.036,0.000197012,0.000241011,0.00512254,0.00455047,0.00479654
36.0841,0.000195911,0.000239719,0.00512034,0.00454831,0.00479831
36.1321,0.000194817,0.000238434,0.00511814,0.00454615,0.00480008
36.1802,0.000193728,0.000237155,0.00511595,0.00454399,0.00480184
36.2282,0.000192646,0.000235884,0.00511375,0.00454182,0.00480359
36.2763,0.00019157,0.000234619,0.00511155,0.00453966,0.00480533
36.3243,0.0001905,0.000233362,0.00510935,0.00453749,0.00480706
36.3724,0.000189436,0.00023211,0.00510715,0.00453533,0.00480878
36.4204,0.000188378,0.000230866,0.00510495,0.00453316,0.00481049
36.4685,0.000187326,0.000229628,0.00510274,0.004531,0.00481219
36.5165,0.000186279,0.000228397,0.00510054,0.00452883,0.00481389
36.5646,0.000185239,0.000227173,0.00509834,0.00452666,0.00481557
36.6126,0.000184204,0.000225955,0.00509613,0.00452449,0.00481724
36.6607,0.000183175,0.000224744,0.00509393,0.00452233,0.00481891
36.7087,0.000182152,0.000223539,0.00509173,0.00452016,0.00482057
36.7568,0.000181134,0.00022234,0.00508952,0.00451799,0.00482221
36.8048,0.000180123,0.000221148,0.00508732,0.00451582,0.00482385
36.8529,0.000179116,0.000219963,0.00508511,0.00451365,0.00482548
36.9009,0.000178116,0.000218784,0.0050829,0.00451148,0.0048271
36.9489,0.000177121,0.000217611,0.00508069,0.0045093,0.0048287
36.997,0.000176132,0.000216444,0.00507849,0.00450713,0.00483031
37.045,0.000175148,0.000215284,0.00507628,0.00450496,0.0048319
37.0931,0.000174169,0.000214129,0.00507407,0.00450279,0.00483348
37.1411,0.000173196,0.000212981,0.00507186,0.00450061,0.00483505
37.1892,0.000172229,0.00021184,0.00506965,0.00449844,0.00483662
37.2372,0.000171267,0.000210704,0.00506744,0.00449627,0.00483817
37.2853,0.00017031,0.000209574,0.00506523,0.00449409,0.00483972
37.3333,0.000169359,0.000208451,0.00506302,0.00449192,0.00484125
37.3814,0.000168413,0.000207333,0.00506081,0.00448974,0.00484278
37.4294,0.000167472,0.000206222,0.0050586,0.00448757,0.0048443
37.4775,0.000166537,0.000205116,0.00505638,0.00448539,0.00484581
37.5255,0.000165606,0.000204017,0.00505417,0.00448321,0.00484731
37.5736,0.000164681,0.000202923,0.00505196,0.00448104,0.0048488
37.6216,0.000163762,0.000201835,0.00504974,0.00447886,0.00485028
37.6697,0.000162847,0.000200753,0.00504753,0.00447668,0.00485176
37.7177,0.000161937,0.000199677,0.00504532,0.0044745,0.00485322
37.7658,0.000161033,0.000198606,0.0050431,0.00447233,0.00485468
37.8138,0.000160133,0.000197541,0.00504089,0.00447015,0.00485613
37.8619,0.000159239,0.000196482,0.00503867,0.00446797,0.00485756
37.9099,0.000158349,0.000195429,0.00503646,0.00446579,0.00485899
37.958,0.000157465,0.000194381,0.00503424,0.00446361,0.00486042
38.006,0.000156585,0.000193339,0.00503202,0.00446143,0.00486183
38.0541,0.00015571,0.000192303,0.00502981,0.00445925,0.00486323
38.1021,0.000154841,0.000191272,0.00502759,0.00445707,0.00486463
38.1502,0.000153976,0.000190246,0.00502537,0.00445489,0.00486601
38.1982,0.000153116,0.000189226,0.00502316,0.00445271,0.00486739
38.2462,0.00015226,0.000188212,0.00502094,0.00445053,0.00486876
38.2943,0.00015141,0.000187203,0.00501872,0.00444835,0.00487012
38.3423,0.000150564,0.000186199,0.0050165,0.00444617,0.00487147
38.3904,0.000149723,0.000185201,0.00501428,0.00444399,0.00487281
38.4384,0.000148887,0.000184208,0.00501207,0.00444181,0.00487414
38.4865,0.000148055,0.000183221,0.00500985,0.00443962,0.00487547
38.5345,0.000147228,0.000182238,0.00500763,0.00443744,0.00487679
38.5826,0.000146406,0.000181261,0.00500541,0.00443526,0.00487809
38.6306,0.000145588,0.00018029,0.00500319,0.00443308,0.00487939
38.6787,0.000144774,0.000179323,0.00500097,0.0044309,0.00488068
38.7267,0.000143966,0.000178362,0.00499875,0.00442871,0.00488197
38.7748,0.000143162,0.000177405,0.00499653,0.00442653,0.00488324
38.8228,0.000142362,0.000176454,0.00499431,0.00442435,0.00488451
38.8709,0.000141567,0.000175508,0.00499209,0.00442216,0.00488576
38.9189,0.000140776,0.000174567,0.00498987,0.00441998,0.00488701
38.967,0.00013999,0.000173632,0.00498765,0.0044178,0.00488825
39.015,0.000139208,0.000172701,0.00498542,0.00441561,0.00488948
39.0631,0.00013843,0.000171775,0.0049832,0.00441343,0.00489071
39.1111,0.000137657,0.000170854,0.00498098,0.00441125,0.00489192
39.1592,0.000136888,0.000169938,0.00497876,0.00440906,0.00489313
39.2072,0.000136123,0.000169027,0.00497654,0.00440688,0.00489433
39.2553,0.000135363,0.000168121,0.00497432,0.00440469,0.00489552
39.3033,0.000134607,0.000167219,0.00497209,0.00440251,0.0048967
39.3514,0.000133855,0.000166323,0.00496987,0.00440033,0.00489787
39.3994,0.000133107,0.000165431,0.00496765,0.00439814,0.00489904
39.4474,0.000132364,0.000164544,0.00496543,0.00439596,0.00490019
39.4955,0.000131624,0.000163662,0.00496321,0.00439377,0.00490134
39.5435,0.000130889,0.000162785,0.00496098,0.00439159,0.00490248
39.5916,0.000130158,0.000161912,0.00495876,0.00438941,0.00490362
39.6396,0.000129431,0.000161044,0.00495654,0.00438722,0.00490474
39.6877,0.000128708,0.000160181,0.00495431,0.00438504,0.00490586
39.7357,0.000127989,0.000159322,0.00495209,0.00438285,0.00490696
39.7838,0.000127274,0.000158468,0.00494987,0.00438067,0.00490806
39.8318,0.000126563,0.000157618,0.00494765,0.00437848,0.00490915
39.8799,0.000125856,0.000156773,0.00494542,0.0043763,0.00491024
39.9279,0.000125153,0.000155933,0.0049432,0.00437412,0.00491131
39.976,0.000124454,0.000155097,0.00494098,0.00437193,0.00491238
40.024,0.000123759,0.000154265,0.00493875,0.00436975,0.00491344
40.0721,0.000123067,0.000153438,0.00493653,0.00436756,0.00491449
40.1201,0.00012238,0.000152616,0.00493431,0.00436538,0.00491553
40.1682,0.000121696,0.000151798,0.00493209,0.00436319,0.00491657
40.2162,0.000121017,0.000150984,0.00492986,0.00436101,0.0049176
40.2643,0.000120341,0.000150174,0.00492764,0.00435883,0.00491861
40.3123,0.000119668,0.000149369,0.00492542,0.00435664,0.00491963
40.3604,0.000119,0.000148568,0.00492319,0.00435446,0.00492063
40.4084,0.000118335,0.000147772,0.00492097,0.00435227,0.00492163
40.4565,0.000117674,0.00014698,0.00491875,0.00435009,0.00492261
40.5045,0.000117017,0.000146192,0.00491653,0.00434791,0.00492359
40.5526,0.000116363,0.000145408,0.0049143,0.00434572,0.00492456
40.6006,0.000115713,0.000144628,0.00491208,0.00434354,0.00492553
40.6486,0.000115067,0.000143853,0.00490986,0.00434136,0.00492648
40.6967,0.000114424,0.000143082,0.00490763,0.00433917,0.00492743
40.7447,0.000113785,0.000142315,0.00490541,0.00433699,0.00492837
40.7928,0.000113149,0.000141552,0.00490319,0.00433481,0.00492931
40.8408,0.000112517,0.000140793,0.00490097,0.00433262,0.00493023
40.8889,0.000111889,0.000140038,0.00489874,0.00433044,0.00493115
40.9369,0.000111264,0.000139287,0.00489652,0.00432826,0.00493206
40.985,0.000110642,0.000138541,0.0048943,0.00432607,0.00493296
41.033,0.000110024,0.000137798,0.00489208,0.00432389,0.00493385
41.0811,0.00010941,0.000137059,0.00488986,0.00432171,0.00493474
41.1291,0.000108799,0.000136324,0.00488763,0.00431953,0.00493562
41.1772,0.000108191,0.000135594,0.00488541,0.00431735,0.00493649
41.2252,0.000107587,0.000134867,0.00488319,0.00431516,0.00493736
41.2733,0.000106986,0.000134144,0.00488097,0.00431298,0.00493821
41.3213,0.000106388,0.000133424,0.00487875,0.0043108,0.00493906
41.3694,0.000105794,0.000132709,0.00487653,0.00430862,0.0049399
41.4174,0.000105203,0.000131998,0.00487431,0.00430644,0.00494073
41.4655,0.000104615,0.00013129,0.00487209,0.00430426,0.00494156
41.5135,0.000104031,0.000130586,0.00486986,0.00430208,0.00494238
41.5616,0.00010345,0.000129886,0.00486764,0.0042999,0.00494319
41.6096,0.000102872,0.00012919,0.00486542,0.00429772,0.00494399
41.6577,0.000102297,0.000128497,0.0048632,0.00429554,0.00494479
41.7057,0.000101726,0.000127808,0.00486098,0.00429336,0.00494558
41.7538,0.000101157,0.000127123,0.00485876,0.00429118,0.00494636
41.8018,0.000100592,0.000126442,0.00485654,0.004289,0.00494713
41.8498,0.00010003,0.000125764,0.00485432,0.00428682,0.0049479
41.8979,9.94717e-05,0.000125089,0.00485211,0.00428464,0.00494866
41.9459,9.89161e-05,0.000124419,0.00484989,0.00428246,0.00494941
41.994,9.83636e-05,0.000123752,0.00484767,0.00428028,0.00495015
42.042,9.78141e-05,0.000123088,0.00484545,0.00427811,0.00495089
42.0901,9.72677e-05,0.000122429,0.00484323,0.00427593,0.00495162
42.1381,9.67244e-05,0.000121772,0.00484101,0.00427375,0.00495234
42.1862,9.61841e-05,0.000121119,0.00483879,0.00427157,0.00495305
42.2342,9.56468e-05,0.00012047,0.00483658,0.0042694,0.00495376
42.2823,9.51126e-05,0.000119824,0.00483436,0.00426722,0.00495446
42.3303,9.45813e-05,0.000119182,0.00483214,0.00426504,0.00495516
42.3784,9.4053e-05,0.000118543,0.00482992,0.00426287,0.00495584
42.4264,9.35276e-05,0.000117907,0.00482771,0.00426069,0.00495652
42.4745,9.30052e-05,0.000117275,0.00482549,0.00425852,0.00495719
42.5225,9.24856e-05,0.000116646,0.00482327,0.00425634,0.00495786
42.5706,9.1969e-05,0.000116021,0.00482106,0.00425417,0.00495851
42.6186,9.14553e-05,0.000115399,0.00481884,0.00425199,0.00495916
42.6667,9.09444e-05,0.00011478,0.00481663,0.00424982,0.0049598
42.7147,9.04364e-05,0.000114165,0.00481441,0.00424764,0.00496044
42.7628,8.99313e-05,0.000113553,0.0048122,0.00424547,0.00496107
42.8108,8.94289e-05,0.000112944,0.00480998,0.0042433,0.00496169
42.8589,8.89294e-05,0.000112339,0.00480777,0.00424112,0.00496231
42.9069,8.84326e-05,0.000111737,0.00480555,0.00423895,0.00496291
42.955,8.79387e-05,0.000111137,0.00480334,0.00423678,0.00496351
43.003,8.74474e-05,0.000110542,0.00480113,0.00423461,0.00496411
43.0511,8.6959e-05,0.000109949,0.00479891,0.00423244,0.00496469
43.0991,8.64732e-05,0.00010936,0.0047967,0.00423026,0.00496527
43.1471,8.59902e-05,0.000108773,0.00479449,0.00422809,0.00496584
43.1952,8.55099e-05,0.00010819,0.00479227,0.00422592,0.00496641
43.2432,8.50322e-05,0.00010761,0.00479006,0.00422375,0.00496697
43.2913,8.45572e-05,0.000107033,0.00478785,0.00422158,0.00496752
43.3393,8.40849e-05,0.000106459,0.00478564,0.00421941,0.00496806
43.3874,8.36152e-05,0.000105889,0.00478343,0.00421725,0.0049686
43.4354,8.31482e-05,0.000105321,0.00478122,0.00421508,0.00496913
43.4835,8.26837e-05,0.000104756,0.00477901,0.00421291,0.00496966
43.5315,8.22218e-05,0.000104195,0.0047768,0.00421074,0.00497017
43.5796,8.17626e-05,0.000103636,0.00477459,0.00420857,0.00497069
43.6276,8.13058e-05,0.000103081,0.00477238,0.00420641,0.00497119
43.6757,8.08517e-05,0.000102528,0.00477017,0.00420424,0.00497169
43.7237,8.04001e-05,0.000101978,0.00476796,0.00420207,0.00497218
43.7718,7.99509e-05,0.000101432,0.00476575,0.00419991,0.00497266
43.8198,7.95043e-05,0.000100888,0.00476355,0.00419774,0.00497314
43.8679,7.90602e-05,0.000100347,0.00476134,0.00419558,0.00497361
43.9159,7.86186e-05,9.98089e-05,0.00475913,0.00419341,0.00497407
43.964,7.81795e-05,9.92739e-05,0.00475692,0.00419125,0.00497452
44.012,7.77428e-05,9.87416e-05,0.00475472,0.00418909,0.00497497
44.0601,7.73085e-05,9.82123e-05,0.00475251,0.00418692,0.00497542
44.1081,7.68767e-05,9.76858e-05,0.00475031,0.00418476,0.00497585
44.1562,7.64472e-05,9.71621e-05,0.0047481,0.0041826,0.00497628
44.2042,7.60202e-05,9.66412e-05,0.0047459,0.00418044,0.00497671
44.2523,7.55956e-05,9.61231e-05,0.00474369,0.00417828,0.00497712
44.3003,7.51733e-05,9.56077e-05,0.00474149,0.00417611,0.00497753
44.3483,7.47534e-05,9.50952e-05,0.00473929,0.00417395,0.00497794
44.3964,7.43358e-05,9.45854e-05,0.00473708,0.00417179,0.00497833
44.4444,7.39206e-05,9.40783e-05,0.00473488,0.00416964,0.00497872
44.4925,7.35077e-05,9.35739e-05,0.00473268,0.00416748,0.00497911
44.5405,7.30971e-05,9.30723e-05,0.00473048,0.00416532,0.00497948
44.5886,7.26888e-05,9.25733e-05,0.00472827,0.00416316,0.00497985
44.6366,7.22827e-05,9.2077e-05,0.00472607,0.004161,0.00498022
44.6847,7.1879e-05,9.15834e-05,0.00472387,0.00415885,0.00498058
44.7327,7.14775e-05,9.10924e-05,0.00472167,0.00415669,0.00498093
44.7808,7.10782e-05,9.0604e-05,0.00471947,0.00415453,0.00498127
44.8288,7.06812e-05,9.01183e-05,0.00471727,0.00415238,0.00498161
44.8769,7.02864e-05,8.96352e-05,0.00471507,0.00415022,0.00498194
44.9249,6.98937e-05,8.91546e-05,0.00471288,0.00414807,0.00498227
44.973,6.95033e-05,8.86766e-05,0.00471068,0.00414591,0.00498259
45.021,6.91151e-05,8.82012e-05,0.00470848,0.00414376,0.0049829
45.0691,6.8729e-05,8.77284e-05,0.00470628,0.00414161,0.00498321
45.1171,6.83451e-05,8.72581e-05,0.00470409,0.00413945,0.00498351
45.1652,6.79633e-05,8.67903e-05,0.00470189,0.0041373,0.0049838
45.2132,6.75837e-05,8.6325e-05,0.0046997,0.00413515,0.00498409
45.2613,6.72062e-05,8.58622e-05,0.0046975,0.004133,0.00498437
45.3093,6.68308e-05,8.54019e-05,0.00469531,0.00413085,0.00498464
45.3574,6.64575e-05,8.4944e-05,0.00469311,0.0041287,0.00498491
45.4054,6.60862e-05,8.44886e-05,0.00469092,0.00412655,0.00498518
45.4535,6.57171e-05,8.40357e-05,0.00468873,0.0041244,0.00498543
45.5015,6.535e-05,8.35851e-05,0.00468653,0.00412225,0.00498568
45.5495,6.4985e-05,8.3137e-05,0.00468434,0.00412011,0.00498593
45.5976,6.4622e-05,8.26913e-05,0.00468215,0.00411796,0.00498616
45.6456,6.4261e-05,8.2248e-05,0.00467996,0.00411581,0.00498639
45.6937,6.3902e-05,8.18071e-05,0.00467777,0.00411367,0.00498662
45.7417,6.35451e-05,8.13685e-05,0.00467558,0.00411152,0.00498684
45.7898,6.31901e-05,8.09323e-05,0.00467339,0.00410938,0.00498705
45.8378,6.28372e-05,8.04984e-05,0.0046712,0.00410723,0.00498726
45.8859,6.24862e-05,8.00668e-05,0.00466901,0.00410509,0.00498746
45.9339,6.21371e-05,7.96376e-05,0.00466682,0.00410294,0.00498765
45.982,6.179e-05,7.92106e-05,0.00466463,0.0041008,0.00498784
46.03,6.14449e-05,7.8786e-05,0.00466245,0.00409866,0.00498803
46.0781,6.11017e-05,7.83636e-05,0.00466026,0.00409652,0.0049882
46.1261,6.07604e-05,7.79435e-05,0.00465807,0.00409438,0.00498837
46.1742,6.0421e-05,7.75256e-05,0.00465589,0.00409224,0.00498854
46.2222,6.00834e-05,7.711e-05,0.0046537,0.0040901,0.0049887
46.2703,5.97478e-05,7.66966e-05,0.00465152,0.00408796,0.00498885
46.3183,5.94141e-05,7.62854e-05,0.00464934,0.00408582,0.00498899
46.3664,5.90822e-05,7.58765e-05,0.00464715,0.00408368,0.00498914
46.4144,5.87522e-05,7.54697e-05,0.00464497,0.00408155,0.00498927
46.4625,5.8424e-05,7.50651e-05,0.00464279,0.00407941,0.0049894
46.5105,5.80976e-05,7.46627e-05,0.0046406,0.00407727,0.00498952
46.5586,5.77731e-05,7.42624e-05,0.00463842,0.00407514,0.00498964
46.6066,5.74504e-05,7.38643e-05,0.00463624,0.004073,0.00498975
46.6547,5.71295e-05,7.34683e-05,0.00463406,0.00407087,0.00498985
46.7027,5.68104e-05,7.30744e-05,0.00463188,0.00406873,0.00498995
46.7508,5.6493e-05,7.26826e-05,0.0046297,0.0040666,0.00499005
46.7988,5.61775e-05,7.2293e-05,0.00462753,0.00406447,0.00499013
46.8468,5.58637e-05,7.19054e-05,0.00462535,0.00406234,0.00499022
46.8949,5.55516e-05,7.15199e-05,0.00462317,0.00406021,0.00499029
46.9429,5.52413e-05,7.11365e-05,0.00462099,0.00405808,0.00499036
46.991,5.49327e-05,7.07551e-05,0.00461882,0.00405595,0.00499043
47.039,5.46259e-05,7.03758e-05,0.00461664,0.00405382,0.00499049
47.0871,5.43208e-05,6.99985e-05,0.00461447,0.00405169,0.00499054
47.1351,5.40173e-05,6.96232e-05,0.00461229,0.00404956,0.00499059
47.1832,5.37156e-05,6.925e-05,0.00461012,0.00404743,0.00499063
47.2312,5.34156e-05,6.88787e-05,0.00460795,0.00404531,0.00499066
47.2793,5.31172e-05,6.85095e-05,0.00460577,0.00404318,0.00499069
47.3273,5.28205e-05,6.81422e-05,0.0046036,0.00404105,0.00499072
47.3754,5.25254e-05,6.77769e-05,0.00460143,0.00403893,0.00499074
47.4234,5.2232e-05,6.74135e-05,0.00459926,0.0040368,0.00499075
47.4715,5.19403e-05,6.70521e-05,0.00459709,0.00403468,0.00499076
47.5195,5.16501e-05,6.66926e-05,0.00459492,0.00403256,0.00499076
47.5676,5.13616e-05,6.63351e-05,0.00459275,0.00403044,0.00499075
47.6156,5.10747e-05,6.59794e-05,0.00459058,0.00402832,0.00499074
47.6637,5.07894e-05,6.56257e-05,0.00458841,0.00402619,0.00499073
47.7117,5.05057e-05,6.52739e-05,0.00458625,0.00402407,0.00499071
47.7598,5.02236e-05,6.4924e-05,0.00458408,0.00402195,0.00499068
47.8078,4.99431e-05,6.45759e-05,0.00458191,0.00401984,0.00499065
47.8559,4.96641e-05,6.42297e-05,0.00457975,0.00401772,0.00499061
47.9039,4.93867e-05,6.38854e-05,0.00457758,0.0040156,0.00499057
47.952,4.91108e-05,6.35429e-05,0.00457542,0.00401348,0.00499052
48,4.88365e-05,6.32022e-05,0.00457326,0.00401137,0.00499047
