subject,dose_0.1,dose_0.25,dose_0.5,dose_0.75,dose_1.0,dose_1.5,dose_2.0
0,60.049,58.9915,96.1544,171.077,256.477,424.238,582.692
1,59.4605,59.2608,114.154,211.938,320.923,542.381,784.388
2,60.2777,59.1089,73.3007,120.479,184.534,323.868,458.068
3,59.3365,61.9395,136.913,254.531,379.899,626.159,886.256
4,59.5094,58.5613,106.381,197.683,302.254,515.577,741.879
5,59.929,58.3019,83.3931,148.649,232.327,410.509,582.401
6,60.5852,59.825,64.9024,93.7157,138.949,243.431,346.495
7,59.7959,58.939,103.193,188.287,285.234,477.614,663.592
8,59.8311,58.7489,99.4466,180.466,273.918,460.731,641.851
9,59.4954,59.7511,116.253,213.333,319.892,542.065,797.65
10,59.6959,58.6265,101.796,185.846,282.301,477.36,679.343
11,60.4766,59.6032,80.8262,135.71,202.959,338.097,459.113
12,60.2786,60.7235,111.434,196.033,283.224,441.495,576.994
13,60.3446,59.2493,65.5785,100.098,151.959,275.16,399.853
14,59.4429,63.8672,143.369,261.125,382.978,620.951,875.738
15,59.9659,58.6939,93.6208,168.754,258.479,439.778,608.84
16,60.7324,60.1706,61.7258,82.4397,117.487,206.503,296.761
17,60.5284,59.7012,69.4629,107.141,161.012,279.468,392.435
18,60.5835,59.8435,73.4428,117.065,174.55,292.431,399.725
19,60.539,59.7039,62.0785,85.4724,125.019,223.266,324.817
20,60.3544,59.3159,83.7721,143.193,213.828,354.381,481.633
21,59.6593,57.616,66.7001,111.518,177.592,337.331,509.918
22,60.0447,58.7342,90.3571,160.346,244.056,413.135,571.044
23,59.2459,70.0812,172.904,307.577,442.353,720.073,1035.64
24,60.5348,59.6864,60.347,79.1892,113.133,202.107,296.846
25,60.2835,61.4962,117.127,205.563,294.966,454.831,589.49
26,60.2355,59.0218,79.6574,135.22,205.267,350.387,486.881
27,60.0479,58.5629,73.5832,126.158,198.672,362.163,524.351
28,60.4595,60.0482,103.404,178.352,257.469,398.733,516.49
29,58.9204,58.9294,122.619,233.348,358.502,640.381,1002.58
30,60.6868,60.1068,79.9632,133.748,194.575,312.025,411.591
31,60.643,59.983,71.4558,111.14,166.008,281.265,387.892
32,59.158,63.5294,146.065,269.082,398.692,670.673,990.384
33,60.3401,59.2956,85.8617,148.497,223.875,374.258,509.775
34,60.4166,59.4547,78.631,130.67,195.324,325.277,445.221
35,59.8639,58.2835,89.2336,159.9,246.349,425.174,598.779
36,58.9727,59.3891,124.244,234.715,358.484,638.552,996.437
37,60.2868,59.1518,82.784,142.015,214.892,362.892,498.814
38,58.6527,60.7724,139.54,265.703,405.943,743.925,1192.86
39,59.1729,70.0697,170.525,302.136,443.542,777.338,1165.18
40,59.8823,58.3363,89.4665,159.606,244.505,419.221,591.06
41,59.5815,59.5845,113.276,206.274,308.588,523.729,771.938
42,60.7491,60.1888,59.3516,65.1914,82.7843,141.461,212.667
43,60.389,59.3703,71.5227,113.597,171.4,296.686,416.502
44,59.3762,58.428,107.85,200.92,307.34,530.721,788.039
45,60.1702,58.9104,86.6256,151.179,229.16,386.303,531.677
46,60.4824,59.603,74.4132,120.489,181.45,310.446,430.232
47,60.4668,59.5391,64.5405,94.5908,141.234,253.039,365.967
48,60.3388,59.249,70.8573,113.627,172.957,304.412,431.702
49,59.2766,58.6471,114.867,218.226,336.283,577.859,837.101
50,60.1333,58.7717,76.4995,130.61,202.764,359.898,511.884
51,60.5251,59.7339,88.75,150.877,221.571,353.695,466.834
52,60.5584,59.7792,71.9413,113.113,169.315,286.945,395.873
53,60.6232,59.9132,63.7024,89.7829,131.93,231.594,331.092
54,60.0954,58.6867,79.1253,134.737,204.961,352.698,502.115
55,59.909,58.2175,69.9406,116.135,181.611,332.461,487.896
56,58.7195,58.0019,118.305,226.881,352.686,661.453,1086.88
57,60.1084,59.3361,100.415,178.165,263.938,428.697,583.931
58,60.242,59.2789,96.3189,168.849,248.435,400.989,544.773
59,60.2406,59.013,70.9418,113.701,172.806,303.332,432.221
60,59.6298,57.9496,93.5239,171.035,264.66,459.67,661.488
61,60.5787,59.7987,61.7018,83.8288,121.375,214.57,310.226
62,60.0859,59.1147,96.9024,172.346,257.989,425.017,579.368
63,60.27,60.3359,108.062,190.525,276.897,435.362,572.012
64,60.3513,59.2303,58.1705,70.4652,98.8392,182.858,282.237
65,58.3509,57.0326,117.934,230.64,365.096,735.068,1286.82
66,60.6114,59.8825,62.6601,87.0539,127.493,227.975,331.24
67,59.644,57.7917,89.1629,160.611,248.182,434.124,637.841
68,60.6225,59.8835,58.8576,67.03,88.7738,156.41,237.817
69,60.4611,59.5367,68.1319,105.207,158.81,280.961,400.351
70,58.1074,76.4341,205.341,382.945,619.203,1237.03,1956.67
71,60.4837,59.5881,67.7036,102.54,153.87,268.339,379.343
72,60.1594,59.6907,103.717,183.611,269.851,432.54,582.47
73,59.7625,58.582,99.1984,181.166,276.635,469.066,657.304
74,60.4686,59.5745,76.0383,125.071,188.656,322.274,445.824
75,60.2563,59.0664,75.8943,128.189,198.138,350.19,495.848
76,59.6462,59.6054,112.634,205.36,307.317,512.805,736.163
77,59.2157,58.932,116.626,219.219,334.839,579.328,868.541
78,59.5882,57.7111,90.1494,162.596,250.517,440.82,663.557
79,60.1191,58.8184,87.7069,153.976,233.954,395.747,546.107
80,60.1499,58.7992,71.7258,118.7,184.006,330.732,475.611
81,60.25,59.3399,94.4622,166.463,248.378,406.277,546.727
82,60.7329,60.1653,60.4018,77.099,107.188,188.6,273.652
83,59.154,61.066,128.877,237.124,357.472,651.168,1018.41
84,60.4534,59.5404,77.9139,128.788,193.084,324.153,443.474
85,60.6309,59.9274,62.3942,85.5296,124.524,220.445,318.57
86,60.4918,59.6256,74.4487,120.4,181.201,309.561,428.478
87,60.141,58.8468,86.9869,151.986,229.822,386.341,532.935
88,60.452,59.6315,95.341,164.145,239.678,378.671,497.47
89,60.6269,59.9043,59.6493,74.7686,103.473,183.68,271.076
90,60.5039,59.6586,76.3562,124.578,186.89,314.699,431.193
91,60.377,59.4871,92.4196,161.065,237.856,384.671,512.759
92,59.4648,60.4875,125.941,235.312,354.578,587.778,819.941
93,59.9242,60.3619,114.041,205.214,303.023,488.954,664.504
94,60.7304,60.1629,60.9048,78.9131,111.407,197.479,289.044
95,60.5832,59.8286,67.1656,100.798,150.884,265.097,376.133
96,60.589,59.8636,76.4294,124.398,184.933,305.869,413.801
97,59.9907,58.4228,74.0773,124.687,193.248,344.714,496.689
98,60.2022,58.9329,75.4097,126.412,194.556,341.843,483.514
99,60.3951,59.3609,62.7288,90.5438,134.986,246.511,362.747
