dose_mgkg,I_final,SD_burden,T_NRHypo,B_pyr_peak,B_int_peak,psych_max,C_brain_peak,protection_total,toxicity_total
0.05,60.9007,47.8052,0,0.0154422,0.0391484,0,0.00930387,0.0592923,0
0.1,60.6495,47.616,0,0.0304156,0.0753562,0,0.0186077,0.116475,0
0.15,60.4046,47.4319,0,0.0449413,0.108942,0.0988952,0.0279116,0.17174,0
0.2,60.1655,47.2525,0,0.059039,0.140179,0.215194,0.0372155,0.225255,0
0.25,59.9316,47.0774,0,0.0727273,0.169306,0.331492,0.0465194,0.277167,0
0.3,59.7027,46.9063,0,0.0860238,0.196528,0.44779,0.0558232,0.327602,0
0.35,59.4783,46.7388,0,0.098945,0.222026,0.564089,0.0651271,0.376672,0
0.4,59.2581,46.5748,0,0.111507,0.245959,0.680387,0.074431,0.424478,0
0.45,59.042,46.4139,0,0.123723,0.268467,0.796686,0.0837349,0.471106,0
0.5,58.8296,46.2561,0,0.135609,0.289671,0.912984,0.0930387,0.516636,0
0.55,58.6491,46.101,6.47787e-05,0.147177,0.309684,1,0.102343,0.561138,0.0282736
0.6,58.7788,45.9486,0.00148443,0.15844,0.328601,1,0.111646,0.604675,0.363494
0.65,59.5171,45.7987,0.00548009,0.16941,0.346511,1,0.12095,0.647304,1.30415
0.7,60.8935,45.6512,0.0121854,0.180098,0.363491,1,0.130254,0.689075,2.87991
0.75,62.8141,45.5059,0.0215338,0.190515,0.379612,1,0.139558,0.730037,4.99691
0.8,65.2607,45.3627,0.0333935,0.200671,0.394938,1,0.148862,0.770231,7.63733
0.85,68.2068,45.2216,0.0475767,0.210575,0.409526,1,0.158166,0.809696,10.7746
0.9,71.5801,45.0825,0.0638903,0.220238,0.423428,1,0.16747,0.848467,14.3366
0.95,75.3179,44.9452,0.0821489,0.229667,0.436691,1,0.176774,0.886576,18.2606
1,79.3654,44.8097,0.102177,0.238871,0.449359,1,0.186077,0.924055,22.4923
1.25,103.372,44.1566,0.223636,0.281781,0.50502,1,0.232597,1.10286,47.3872
1.5,131.129,43.5392,0.369827,0.320115,0.550469,1,0.279116,1.26924,75.9877
2,190.715,42.3923,0.696993,0.385701,0.620223,1,0.372155,1.57197,137.145
2.5,250.267,41.3405,1.03648,0.439754,0.671245,1,0.465194,1.84258,198.145
3,306.672,40.3658,1.37019,0.485069,0.710185,1,0.558232,2.08731,255.895
